title,Rera registered,property_type,total_units,possession_status,Price,Location,Builder,Min Price,Max Price,Average Price
Ansh Aaradhya,Yes,2 BHK  Apartment,91,Upcoming Projects,60 - 65 Lac,Khoraj,Ansh Group,60.0,65.0,62.5
Patrakar Heights,No,2 BHK  Apartment,,Upcoming Projects,None,Naranpura,Samyag Group,,,
Poonam Pride,Yes,4 BHK  Apartment,172,Completed Projects,2.25 Cr.,Shela,B R Developers,225.0,225.0,225.0
Shagun Saral 207,Yes,3 BHK  Apartment,192,Upcoming Projects,None,Zundal,aditya buildcon,,,
Express View City,No,Residential Plot,,Upcoming Projects,None,Dholera,Kavvan Infrra,,,
Nasim Greens,Yes,"4, 5 BHK  Apartment",56,Upcoming Projects,None,Ramol,SAMAY GROUP,,,
Sarovar Residency,No,Residential Plot,,Completed Projects,4 - 7.37 Lac,Dholera,Not known,4.0,7.37,5.6850000000000005
Kalash 2,No,Residential Plot,,Ongoing Projects,None,Bagodara,Arham Group,,,
Kalash 6,Yes,Residential Plot,,Ongoing Projects,None,Bagodara,Arham Group,,,
Kanha Weekend Homes,No,Residential Plot,,Ongoing Projects,None,Dholera,Not known,,,
ANMOL RESIDENCY,No,Residential Plot,,Ongoing Projects,4.28 - 11 Lac,Dholera,Dholera SIR Infra Development,4.28,11.0,7.640000000000001
Rameshwar City,Yes,3 BHK  Apartment,,Upcoming Projects,None,Naranpura,A Shridhar,,,
Balaji Upvan Phase 2,No,Residential Plot,,Ongoing Projects,None,Bagodara,JD Infrastructure Pvt Ltd,,,
Balaji Dream City,No,Residential Plot,1250,Ongoing Projects,4.50 - 32.67 Lac,Bagodara,JD Infrastructure Pvt Ltd,4.5,32.67,18.585
Rajvi Opal,Yes,3 BHK  Apartment,224,Ongoing Projects,None,Naranpura,Shivam Builders Pvt. Ltd,,,
Visionary Vista,No,Residential Plot,,Ongoing Projects,None,Dholera,T Homes Infra Pvt. Ltd,,,
ShantiBan Dreams,Yes,2 BHK  Apartment,96,Upcoming Projects,40.76 Lac,Dholera,SEKSARIA GROUP,40.76,40.76,40.76
Shriram Parisar,No,Residential Plot,,Ongoing Projects,None,Dholera,Shivgan Infratech LLP,,,
Palm Villas,No,Residential Plot,,Ongoing Projects,13.54 - 29.78 Lac,Dholera,Dcc buildtech LLP,13.54,29.78,21.66
Orchid Riverview,No,Residential Plot,,Ongoing Projects,6 Lac,Dholera,Nestoria Group,6.0,6.0,6.0
The Atlantis,Yes,3 BHK  Apartment,,Upcoming Projects,56 Lac,Zundal,Satyagrah Developers,56.0,56.0,56.0
Alpine Woods,Yes,4 BHK  Apartment,70,Completed Projects,2.05 Cr.,Sanathal,Alpine Infraheights LLP,204.99999999999997,204.99999999999997,204.99999999999997
Kavisha Aer,Yes,"2, 3 BHK  Apartment",392,Upcoming Projects,None,Shela,KAVISHA AER LLP,,,
Riviera Aspire,Yes,"3, 4, 5 BHK  Apartment",240,Upcoming Projects,None,Shela,SAFAL GOYAL REALTY LLP,,,
SOBHA DREAM HEIGHTS,Yes,"1, 2 BHK  Apartment",474,Upcoming Projects,85.49 Lac,Gandhinagar Road,Sobha Limited,85.49,85.49,85.49
Sobha Avalon,Yes,"1, 2, 3 BHK  Apartment",268,Upcoming Projects,None,Gandhinagar Road,Sobha Limited,,,
Bluvian Pratham,Yes,3 BHK  Apartment,117,Upcoming Projects,78 Lac,Bhadaj,Bluvian Group,78.0,78.0,78.0
Arham Farmhouse,No,Residential Plot,,Ongoing Projects,6.50 - 32.50 Lac,Dholka,Arham Group,6.5,32.5,19.5
Arham Kalash,No,Residential Plot,,Ongoing Projects,4.50 - 22.50 Lac,Dholka,Arham Group,4.5,22.5,13.5
Shamanta Residency,No,Residential Plot,,Ongoing Projects,5.79 Lac,Dholera,Shamanta builders llp,5.79,5.79,5.79
The Crown,Yes,4 BHK  Apartment,144,Upcoming Projects,2.30 Cr.,Bhat Circle,Shivalik Group,229.99999999999997,229.99999999999997,229.99999999999997
ATM Mall,Yes,Commercial Shops,,Upcoming Projects,None,Chandkheda,Atm ILYF Llp,,,
Shilp Ananta,Yes,2 BHK  Apartment,,Upcoming Projects,45.40 Lac,Shela,Not known,45.4,45.4,45.4
North Enclave,Yes,"2, 3, 4 BHK  Apartment",508,Ongoing Projects,29 - 69.80 Lac,S G Highway,Pacifica Companies,29.0,69.8,49.4
Breeze Residency,No,Residential Plot,,Ongoing Projects,8.25 - 57.75 Lac,Pipli,Samyak Buildcon,8.25,57.75,33.0
Sarang Elegance,Yes,3 BHK  Apartment,84,Upcoming Projects,66 Lac,Bopal,Maharaj Infrastructure,66.0,66.0,66.0
Lotus Villa,No,Individual Houses,15,Ongoing Projects,70 Lac,Bavla,Fidel Enterprises,70.0,70.0,70.0
Sun Business Hub,Yes,Business Center,,Upcoming Projects,None,Odhav,Dwarkadhish Developers,,,
Siddhipriya Imperial,Yes,"3, 4 BHK  Apartment",5,Upcoming Projects,None,South Bopal,Siddhipriya Group,,,
Arise Atlantis,Yes,2 BHK  Apartment,,Upcoming Projects,49 Lac,Jagatpur,Arise Group,49.0,49.0,49.0
The Atlantis,Yes,3 BHK  Apartment,,Upcoming Projects,56 Lac,Zundal,Satyagrah Developers,56.0,56.0,56.0
Alpine Woods,Yes,4 BHK  Apartment,70,Completed Projects,2.05 Cr.,Sanathal,Alpine Infraheights LLP,204.99999999999997,204.99999999999997,204.99999999999997
Kavisha Aer,Yes,"2, 3 BHK  Apartment",392,Upcoming Projects,None,Shela,KAVISHA AER LLP,,,
Riviera Aspire,Yes,"3, 4, 5 BHK  Apartment",240,Upcoming Projects,None,Shela,SAFAL GOYAL REALTY LLP,,,
SOBHA DREAM HEIGHTS,Yes,"1, 2 BHK  Apartment",474,Upcoming Projects,85.49 Lac,Gandhinagar Road,Sobha Limited,85.49,85.49,85.49
Sobha Avalon,Yes,"1, 2, 3 BHK  Apartment",268,Upcoming Projects,None,Gandhinagar Road,Sobha Limited,,,
Bluvian Pratham,Yes,3 BHK  Apartment,117,Upcoming Projects,78 Lac,Bhadaj,Bluvian Group,78.0,78.0,78.0
Arham Farmhouse,No,Residential Plot,,Ongoing Projects,6.50 - 32.50 Lac,Dholka,Arham Group,6.5,32.5,19.5
Arham Kalash,No,Residential Plot,,Ongoing Projects,4.50 - 22.50 Lac,Dholka,Arham Group,4.5,22.5,13.5
Shamanta Residency,No,Residential Plot,,Ongoing Projects,5.79 Lac,Dholera,Shamanta builders llp,5.79,5.79,5.79
The Crown,Yes,4 BHK  Apartment,144,Upcoming Projects,2.30 Cr.,Bhat Circle,Shivalik Group,229.99999999999997,229.99999999999997,229.99999999999997
ATM Mall,Yes,Commercial Shops,,Upcoming Projects,None,Chandkheda,Atm ILYF Llp,,,
Shilp Ananta,Yes,2 BHK  Apartment,,Upcoming Projects,45.40 Lac,Shela,Not known,45.4,45.4,45.4
North Enclave,Yes,"2, 3, 4 BHK  Apartment",508,Ongoing Projects,29 - 69.80 Lac,S G Highway,Pacifica Companies,29.0,69.8,49.4
Breeze Residency,No,Residential Plot,,Ongoing Projects,8.25 - 57.75 Lac,Pipli,Samyak Buildcon,8.25,57.75,33.0
Sarang Elegance,Yes,3 BHK  Apartment,84,Upcoming Projects,66 Lac,Bopal,Maharaj Infrastructure,66.0,66.0,66.0
Lotus Villa,No,Individual Houses,15,Ongoing Projects,70 Lac,Bavla,Fidel Enterprises,70.0,70.0,70.0
Sun Business Hub,Yes,Business Center,,Upcoming Projects,None,Odhav,Dwarkadhish Developers,,,
Siddhipriya Imperial,Yes,"3, 4 BHK  Apartment",5,Upcoming Projects,None,South Bopal,Siddhipriya Group,,,
Arise Atlantis,Yes,2 BHK  Apartment,,Upcoming Projects,49 Lac,Jagatpur,Arise Group,49.0,49.0,49.0
Sheetal Westpark Residency,Yes,"3, 4 BHK  Apartment",392,Ongoing Projects,81.60 Lac - 1.33 Cr.,Vastrapur,Sheetal Infrastructure Pvt. Ltd,81.6,133.0,107.3
Avirahi City,No,Residential Plot,1200,Completed Projects,26.50 Lac,Dholera,Not known,26.5,26.5,26.5
Dholera Metro City 5010,No,Residential Plot,,Ongoing Projects,10.92 - 11.08 Lac,Dholera,Not known,10.92,11.08,11.0
East Face,No,Office Space,,Completed Projects,None,Bodakdev,Not known,,,
Maruti Heights,Yes,1 BHK  Apartment,330,Completed Projects,17 Lac,Naroda,Not known,17.0,17.0,17.0
Maher Homes 4,Yes,"2, 3 BHK  Apartment",224,Completed Projects,None,Khadiya,Not known,,,
Ganesh Housing Malabar County,No,"2, 3 BHK  Apartment",600,Completed Projects,None,Chharodi,Not known,,,
Dholera Smart City Phase 2,No,Residential Plot,,Completed Projects,15 Lac,Dholera,Not known,15.0,15.0,15.0
7 Oak Shangri La,No,Residential Plot,323,Upcoming Projects,14.04 Lac,Dholera,Not known,14.04,14.04,14.04
Kuber Residency,No,2 BHK  Apartment,,Completed Projects,65 Lac,Science City,Not known,65.0,65.0,65.0
Capstone,No,Office Space,,Completed Projects,None,Parimal Garden,Not known,,,
Krish Exotica,No,1 BHK  Apartment,383,Completed Projects,25 Lac,Nikol,Not known,25.0,25.0,25.0
Colonnade 1,Yes,Office Space,,Completed Projects,5.05 Lac,Ambli,Not known,5.05,5.05,5.05
Trident Elanzza,Yes,"2, 3 BHK  Apartment",272,Upcoming Projects,None,Sardar Patel Ring Rd,Not known,,,
Casa The Status,Yes,2 BHK  Apartment,105,Upcoming Projects,68 Lac,Chandkheda,Not known,68.0,68.0,68.0
Serene Sparkles,Yes,3 BHK  Apartment,211,Upcoming Projects,83 - 84 Lac,South Bopal,Not known,83.0,84.0,83.5
Kanha 2 Weekend Homes,No,Residential Plot,,Ongoing Projects,4.78 - 25.07 Lac,Dholera,Jain Property,4.78,25.07,14.925
Mahadev Residency 3,Yes,Flats & Apartments,187,Upcoming Projects,95 Lac,New Maninagar,Not known,95.0,95.0,95.0
Arjun Icconic,Yes,Office Space,183,Completed Projects,None,Shastrinagar,Not known,,,
White Elegance,Yes,3 BHK  Apartment,258,Completed Projects,55 - 65 Lac,Nava Naroda,Not known,55.0,65.0,60.0
Beryl Crystal,Yes,3 BHK  Apartment,45,Completed Projects,1.11 Cr.,Science City,Not known,111.00000000000001,111.00000000000001,111.00000000000001
Santorini Square,No,Office Space,,Completed Projects,2.80 - 5.70 Cr.,Satellite,Not known,280.0,570.0,425.0
Dholera International Airport City 2,No,Commercial Lands /Inst. Land,,Completed Projects,23.33 - 24.15 Lac,Dholera,Not known,23.33,24.15,23.74
Satyamev Eminence,No,Showrooms,,Completed Projects,18 Lac,Science City,Not known,18.0,18.0,18.0
Ratnaakar Verte,Yes,3 BHK  Apartment,298,Completed Projects,75 Lac,South Bopal,Not known,75.0,75.0,75.0
Orchid Pride,Yes,3 BHK  Apartment,114,Completed Projects,None,South Bopal,Not known,,,
Fiona Residency,No,Residential Plot,,Completed Projects,6.80 - 7.32 Lac,Dholera,Not known,6.8,7.32,7.0600000000000005
Pragatya Residency,No,2 BHK  Apartment,,Completed Projects,56 - 58 Lac,200ft Ring Road,Not known,56.0,58.0,57.0
Bliss 107,Yes,Residential Plot,,Upcoming Projects,48 - 50 Lac,Dholera,Not known,48.0,50.0,49.0
Dholera Expressway Avenue,No,Residential Plot,,Completed Projects,20.79 - 25.33 Lac,Dholera,Not known,20.79,25.33,23.06
Al Hamd Ii,Yes,"2, 3 BHK  Apartment",78,Upcoming Projects,None,Juhapura,Not known,,,
Satkar Green,Yes,2 BHK  Apartment,172,Upcoming Projects,36.50 Lac,Naroda,Not known,36.5,36.5,36.5
Karnavati Enclave,Yes,Flats & Apartments,336,Completed Projects,None,New Maninagar,Not known,,,
Viva Elegance 2,Yes,2 BHK  Apartment,,Upcoming Projects,None,Shela,Not known,,,
Rameshwar Luxuriom Elite,No,5 BHK  Apartment,79,Upcoming Projects,2.19 Cr.,Kasindra,Not known,219.0,219.0,219.0
Shree Hari Villa,No,Residential Plot,,Completed Projects,9.75 Lac,Dholera,Not known,9.75,9.75,9.75
Bliss Grandeur,Yes,Residential Plot,,Upcoming Projects,47 - 50 Lac,Dholera,Not known,47.0,50.0,48.5
Shikhar Landmark,Yes,3 BHK  Apartment,126,Upcoming Projects,69 Lac,Tragad,Not known,69.0,69.0,69.0
Shakti Essence 171,Yes,4 BHK  Apartment,49,Upcoming Projects,1.77 Cr.,Jodhpur Road,Not known,177.0,177.0,177.0
Sakar Prime,Yes,Flats & Apartments,190,Upcoming Projects,1.65 Cr.,Zundal,Not known,165.0,165.0,165.0
Status Sky,Yes,3 BHK  Apartment,141,Upcoming Projects,66 Lac,Jagatpur,Not known,66.0,66.0,66.0
Rudram Sky,Yes,2 BHK  Apartment,,Completed Projects,46 Lac,New Ranip,Not known,46.0,46.0,46.0
Amor Elite,Yes,2 BHK  Apartment,28,Upcoming Projects,85 Lac,Chandra Nagar,Not known,85.0,85.0,85.0
Titanium Business Park,Yes,Office Space,,Completed Projects,None,Makarba,Not known,,,
Arpan Status Sky,Yes,3 BHK  Apartment,141,Upcoming Projects,66 Lac,Jagatpur,Not known,66.0,66.0,66.0
Fortune Business Hub,No,Office Space,,Completed Projects,None,Sola,Not known,,,
Sarthi Annexe,No,3 BHK  Apartment,154,Completed Projects,75 Lac,Kathwada,Not known,75.0,75.0,75.0
Dholera Forest Estate,No,Residential Plot,,Completed Projects,7.66 - 9.24 Lac,Dholera,Not known,7.66,9.24,8.45
Ideal Iris,No,2 BHK  Apartment,,Completed Projects,56 Lac,Vaishno Devi Circle,Not known,56.0,56.0,56.0
The Nikol Trade Center,Yes,Office Space,249,Completed Projects,None,Nikol,Not known,,,
Uniza Rajyash,Yes,Office Space,,Completed Projects,None,S G Highway,Not known,,,
Palm Glory,Yes,2 BHK  Apartment,84,Completed Projects,None,Gota,Not known,,,
Bhagwat Greens,No,1 BHK  Apartment,,Ongoing Projects,18.50 Lac,Narol,Not known,18.5,18.5,18.5
Aashray Arise,Yes,"2, 3 BHK  Apartment",208,Completed Projects,None,Shilaj,Not known,,,
Amrapali Axiom,Yes,Office Space,,Completed Projects,1.10 Cr.,Bopal,Not known,110.00000000000001,110.00000000000001,110.00000000000001
Indraprasth Living,Yes,3 BHK  Apartment,40,Ongoing Projects,None,Bopal,Not known,,,
Sahastra Splendora,No,4 BHK  Apartment,,Ongoing Projects,2.37 Cr.,Bopal,Not known,237.0,237.0,237.0
Aashray Aurum,Yes,3 BHK  Apartment,248,Upcoming Projects,1 Cr.,Bopal,Not known,100.0,100.0,100.0
Praharsh Highland,Yes,3 BHK  Apartment,176,Completed Projects,78 Lac,South Bopal,Not known,78.0,78.0,78.0
The Cbd,Yes,Showrooms,,Upcoming Projects,1.86 Cr.,Vaishno Devi Circle,Not known,186.0,186.0,186.0
Karnavati Skylane,Yes,3 BHK  Apartment,250,Completed Projects,53 Lac,Maninagar,Not known,53.0,53.0,53.0
Corus Ample,Yes,3 BHK  Apartment,92,Upcoming Projects,77.55 Lac,Sola,Not known,77.55,77.55,77.55
Ganesh Villa,Yes,Residential Plot,,Completed Projects,3.24 - 3.25 Cr.,Bhadaj,Not known,324.0,325.0,324.5
Soumya Residency,Yes,2 BHK  Apartment,,Ongoing Projects,6 Lac,Sarkhej,Not known,6.0,6.0,6.0
Satva Prime,Yes,4 BHK  Apartment,161,Upcoming Projects,80 Lac,Vastral Sp Ring Road,Not known,80.0,80.0,80.0
The Airport Gold,No,Residential Plot,,Ongoing Projects,24.50 Lac - 1.94 Cr.,Dholera,J Joshi Infra Project  Pvt  Ltd,24.5,194.0,109.25
Aayat Avenue,Yes,"2, 3 BHK  Apartment",76,Upcoming Projects,None,Sarkhej Okaf,Not known,,,
Dholera Airport City,No,Commercial Lands /Inst. Land,,Completed Projects,17.84 Lac,Dholera,Not known,17.84,17.84,17.84
Artham 97,Yes,3 BHK  Apartment,,Upcoming Projects,97 Lac,Khoraj,Not known,97.0,97.0,97.0
Saanvi Nirman Stellar,Yes,3 BHK  Apartment,,Upcoming Projects,68 Lac,South Bopal,Not known,68.0,68.0,68.0
Skywalk Mangalaam,Yes,3 BHK  Apartment,,Ongoing Projects,83 - 85 Lac,Chandkheda,Not known,83.0,85.0,84.0
Rajpath Enclave,No,Residential Plot,,Completed Projects,8 - 12.10 Lac,Dholera,Not known,8.0,12.1,10.05
Pv Enclave,Yes,Office Space,,Completed Projects,2.50 Cr.,Sindhubhavan Road,Not known,250.0,250.0,250.0
Setu Square,Yes,Office Space,,Completed Projects,None,New C G Road,Not known,,,
Avalon Park,Yes,4 BHK  Apartment,,Completed Projects,1.10 Cr.,Vatva,Not known,110.00000000000001,110.00000000000001,110.00000000000001
Pushkar Gold,Yes,2 BHK  Apartment,,Upcoming Projects,37 Lac,Isanpur,Not known,37.0,37.0,37.0
The Airport Gold Coast,No,Residential Plot,,Ongoing Projects,24.49 Lac - 1.94 Cr.,Dholera,Haresh,24.49,194.0,109.245
Rameshwar Luxuria Elite,No,5 BHK  Apartment,79,Upcoming Projects,2.19 Cr.,Kasindra,Not known,219.0,219.0,219.0
Verantes,Yes,Penthouse,,Completed Projects,11 Cr.,Hebat Pur Road,Not known,1100.0,1100.0,1100.0
7 Oak Super City,No,Residential Plot,,Upcoming Projects,14.66 Lac,Dholera,Not known,14.66,14.66,14.66
Solaris Business Hub,Yes,Office Space,581,Completed Projects,None,Naranpura,Not known,,,
Tulsi Status,Yes,3 BHK  Apartment,155,Completed Projects,65 Lac,Vaishno Devi Circle,Not known,65.0,65.0,65.0
Sarita Residency-7,Yes,2 BHK  Apartment,180,Upcoming Projects,34 Lac,Odhav,Not known,34.0,34.0,34.0
Greenera Gardenvilla 2,Yes,Residential Plot,,Upcoming Projects,75.68 Lac - 1.01 Cr.,Dholera,Not known,75.68,101.0,88.34
Supan Serenity,Yes,3 BHK  Apartment,,Completed Projects,None,Sola,Not known,,,
Malabar Exotica,Yes,3.5 BHK  Apartment,,Upcoming Projects,None,Tragad,Not known,,,
Pacifica North Enclave,Yes,"2, 3 BHK  Apartment",520,Completed Projects,None,Vaishno Devi Circle,Not known,,,
Asthmangal Orchid,No,2 BHK  Apartment,197,Completed Projects,40 Lac,Nikol Road,Not known,40.0,40.0,40.0
Krish Arcade,No,Office Space,164,Completed Projects,37 Lac,S P Ring Road,Not known,37.0,37.0,37.0
Aristo Crest,Yes,3 BHK  Apartment,39,Completed Projects,1.10 Cr.,Gota,Not known,110.00000000000001,110.00000000000001,110.00000000000001
Maruti L Axis,Yes,3 BHK  Apartment,,Upcoming Projects,85 Lac,Chandkheda,Not known,85.0,85.0,85.0
Sheladia Sarva,Yes,3 BHK  Apartment,164,Upcoming Projects,None,Shela,Not known,,,
Akshar Square,Yes,Office Space,88,Completed Projects,None,Bodakdev,Not known,,,
Rameshwar City Glory,No,"4, 5 BHK  Apartment",100,Upcoming Projects,1.20 - 1.86 Cr.,Kasindra,RAMESHWAR INFRABUILD DEVELOPERS PRIVATE LIMITED,120.0,186.0,153.0
Rameshwar Crystal,No,3 BHK  Apartment,91,Ongoing Projects,86 Lac - 1.09 Cr.,Kasindra,Not known,86.0,109.00000000000001,97.5
Ajmera Palm Land,No,3 BHK  Apartment,,Completed Projects,71.48 Lac,Ahme West,Not known,71.48,71.48,71.48
Kesar Harmony,Yes,3 BHK  Apartment,112,Completed Projects,80 Lac,Nikol,Not known,80.0,80.0,80.0
Himalaya Falaknuma,Yes,2 BHK  Apartment,,Upcoming Projects,70 Lac,Juhapura,Not known,70.0,70.0,70.0
Sg Business Hub,No,Showrooms,,Completed Projects,8 Lac,Gota,Not known,8.0,8.0,8.0
Solitaire Connect,Yes,Office Space,,Completed Projects,None,S G Highway,Not known,,,
Rameshwar Sky,Yes,"2, 3 BHK  Apartment",232,Upcoming Projects,38.15 - 49.60 Lac,Kasindra,Not known,38.15,49.6,43.875
Safal Profitaire,No,Office Space,,Completed Projects,None,Prahlad Nagar,Not known,,,
Dholera Smart City,No,Residential Plot,,Completed Projects,10.15 - 57.73 Lac,Dholera,Not known,10.15,57.73,33.94
Ganesh Gold,No,2 BHK  Apartment,,Completed Projects,45 Lac,Jagatpur,Not known,45.0,45.0,45.0
PALM DHOLERA,No,Residential Plot,,Ongoing Projects,3.26 - 10.15 Lac,Dholera,Engel Bert Estate PVT LTD,3.26,10.15,6.705
Swaminarayan Park 3,No,1 BHK  Apartment,,Completed Projects,30 Lac,Vasna,Not known,30.0,30.0,30.0
Neelkanth Green,Yes,6 BHK  Apartment,,Completed Projects,23 Cr.,Sindhubhavan Road,Not known,2300.0,2300.0,2300.0
Saral Revanta,Yes,"2, 3 BHK  Apartment",,Upcoming Projects,50.47 - 65.19 Lac,Gota,Not known,50.47,65.19,57.83
Aditya Prime,Yes,3 BHK  Apartment,,Completed Projects,75 Lac,Tragad,Not known,75.0,75.0,75.0
Sky City,No,"3, 4 BHK  Apartment",,Completed Projects,1.23 - 1.48 Cr.,Shela,Not known,123.0,148.0,135.5
Cube Club,No,Studio Apartments,,Completed Projects,32 Lac,Bavla,Not known,32.0,32.0,32.0
Trilokesh Riverside Park,No,2 BHK  Apartment,,Completed Projects,None,Vasna,Not known,,,
Nebula Aavas Sanand,Yes,2 BHK  Apartment,,Upcoming Projects,20.50 Lac,Sanand,Not known,20.5,20.5,20.5
Shalin Square,Yes,Commercial Shops,,Completed Projects,None,Hathijan,Not known,,,
Smarana Apartment,No,"2, 3 BHK  Apartment",,Completed Projects,None,Vejalpur,Not known,,,
The First,Yes,Office Space,,Completed Projects,5.10 Lac,Vastrapur,Not known,5.1,5.1,5.1
Suhaal Serenity,Yes,3 BHK  Apartment,,Completed Projects,6.50 Lac,Zundal,Not known,6.5,6.5,6.5
Venus Amadeus,No,Office Space,,Completed Projects,1.06 Cr.,Satellite,Not known,106.0,106.0,106.0
Venus Stratum,Yes,Commercial Shops,,Completed Projects,1.02 - 5.24 Cr.,Nehru Nagar,Not known,102.0,524.0,313.0
Parshwa Homes,Yes,3 BHK  Apartment,,Completed Projects,90 Lac,Sanand,Not known,90.0,90.0,90.0
Godrej Pinecrest,No,4 BHK  Apartment,,Completed Projects,None,Chandkheda,Not known,,,
Samudra Complex,No,Office Space,,Completed Projects,None,C. G. Road,Not known,,,
Samprati Elegance,Yes,"2, 3 BHK  Apartment",,Completed Projects,61.32 - 88.20 Lac,Sabarmati,Not known,61.32,88.2,74.76
Sambhavnath Upvan,Yes,2 BHK  Apartment,,Completed Projects,37 - 45 Lac,Chandkheda,Not known,37.0,45.0,41.0
Sai Exotica,Yes,Residential Plot,,Completed Projects,80 Lac,Nana Chiloda,Not known,80.0,80.0,80.0
Nobles Antrix,No,4 BHK  Apartment,,Completed Projects,None,Navrangpura,Not known,,,
Madhuram Blossom,Yes,"2, 3 BHK  Apartment",114,Completed Projects,55.50 Lac,Tragad,Not known,55.5,55.5,55.5
Sunflower,Yes,"3, 4 BHK  Apartment",56,Upcoming Projects,95.50 Lac - 1.90 Cr.,Shilaj,Not known,95.5,190.0,142.75
I SQUARE Corporate Park,Yes,Business Center,330,Completed Projects,None,Science City,Not known,,,
Kavisha Panorama,Yes,"2, 3 BHK  Apartment",194,Completed Projects,38.40 Lac,South Bopal,Not known,38.4,38.4,38.4
Kavisha Celebration,No,"2, 3 BHK  Apartment",214,Completed Projects,None,South Bopal,Not known,,,
SHAGUN PHASE 1 and 2,No,Residential Plot,,Ongoing Projects,6.60 Lac,Dholera,Shagun Associate,6.6,6.6,6.6
Jay Residency,Yes,"1, 2 BHK  Apartment",231,Completed Projects,23.50 - 28.90 Lac,Vastral,Not known,23.5,28.9,26.2
Shamanta Residency Phase 2,No,Residential Plot,,Ongoing Projects,5.79 Lac,Dholera,Shamanta builders llp,5.79,5.79,5.79
KHANA PHASE 2,No,Residential Plot,,Ongoing Projects,6.88 Lac,Dholera,Shagun Associate,6.88,6.88,6.88
Goyal Intercity,No,"2, 3, 4 BHK  Apartment",,Completed Projects,1.50 - 2.50 Cr.,Memnagar,Not known,150.0,250.0,200.0
Akshar Industrial Estate,Yes,Industrial Land / Plot,,Completed Projects,None,Changodar,Not known,,,
Ornet Park 2,No,Residential Plot,,Completed Projects,21.09 Cr.,Sindhu Bhavan Marg,Not known,2109.0,2109.0,2109.0
Dev Samruddhi,No,2 BHK  Apartment,240,Completed Projects,None,Vastral,Not known,,,
Spg Evans,Yes,"2, 3 BHK  Apartment",154,Completed Projects,None,South Bopal,Not known,,,
Palladium,No,Business Center,,Completed Projects,55 Lac,Prahlad Nagar,Not known,55.0,55.0,55.0
Madhav Residency,No,2 BHK  Apartment,,Completed Projects,34 Lac,S G Highway,Not known,34.0,34.0,34.0
Orchid Harmony,No,"3, 4 BHK  Apartment",384,Completed Projects,99 Lac,Sardar Patel Ring Road,Not known,99.0,99.0,99.0
Dholera A New Era,No,3 BHK  Apartment,,Completed Projects,7 Lac - 1.80 Cr.,Dholera,Not known,7.0,180.0,93.5
Suncity Apartments,No,"2, 3 BHK  Apartment",,Completed Projects,22 Lac,Bopal,Not known,22.0,22.0,22.0
Shivalay Smart City,No,Residential Plot,,Ongoing Projects,11.25 - 15.60 Lac,Dholera,Not known,11.25,15.6,13.425
Grace Business Park,Yes,Business Center,,Completed Projects,1.80 Cr.,Sola,Not known,180.0,180.0,180.0
Aristo Anandam 2,Yes,"3, 4 BHK  Apartment",160,Upcoming Projects,73 Lac,Tragad,Not known,73.0,73.0,73.0
Akibah Heights,Yes,"2, 3 BHK  Apartment",167,Completed Projects,25.49 - 32.40 Lac,Sarkhej,Not known,25.49,32.4,28.945
Alpha Business Park,Yes,Showrooms,,Completed Projects,6 - 94 Lac,Bodakdev,Not known,6.0,94.0,50.0
Aaryan Workspaces 3,No,Business Center,55,Upcoming Projects,6.87 Lac,Drive In Road,Not known,6.87,6.87,6.87
Sky Sol,Yes,"2, 3 BHK  Apartment",195,Completed Projects,33.15 - 43.20 Lac,South Bopal,Not known,33.15,43.2,38.175
Shaligram Prime,Yes,"2, 3 BHK  Apartment",992,Ongoing Projects,53 Lac,South Bopal,Not known,53.0,53.0,53.0
Swati Parkside,Yes,"3, 4 BHK  Apartment",380,Upcoming Projects,90 Lac - 1.92 Cr.,Khadiya,Not known,90.0,192.0,141.0
Pooja Heights,No,3 BHK  Apartment,112,Upcoming Projects,42.50 - 43 Lac,Lambha,Not known,42.5,43.0,42.75
K P Epitome,Yes,Office Space,456,Upcoming Projects,20.34 Lac,S G Highway,Not known,20.34,20.34,20.34
Param Drishti,No,"3, 4 BHK  Apartment",,Upcoming Projects,3 - 3.75 Cr.,Kolat,Not known,300.0,375.0,337.5
Serenity Sky,Yes,3 BHK  Apartment,244,Completed Projects,65 Lac,South Bopal,Not known,65.0,65.0,65.0
Swati Chrysantha,Yes,3 BHK  Apartment,330,Ongoing Projects,45.95 - 70 Lac,Khadiya,Not known,45.95,70.0,57.975
Goyal Orchid Heights,Yes,"3, 4 BHK  Apartment",272,Ongoing Projects,None,Shela,Goyal and Company,,,
Kavisha Amara,Yes,"2, 3 BHK  Apartment",328,Upcoming Projects,31.92 - 79 Lac,Shela,Not known,31.92,79.0,55.46
Swati Gardenia,No,"2, 3 BHK  Apartment",,Ongoing Projects,61 - 73.28 Lac,Prahlad Nagar,Swathi Procon,61.0,73.28,67.14
La Habitat,No,3 BHK  Apartment,,Ongoing Projects,1.15 Cr.,Thaltej,Pacifica Companies,114.99999999999999,114.99999999999999,114.99999999999999
Green Park Bungalow,No,4 BHK  Apartment,,Ongoing Projects,1.45 Cr.,Sanathal,Goyal and Company,145.0,145.0,145.0
Aaryan City,No,"2, 3 BHK  Apartment",,Ongoing Projects,35.52 - 45.32 Lac,Gota,Aryan Group Of Co.,35.52,45.32,40.42
Rajyash Sahaj Sapience,No,"2, 3 BHK  Apartment",100,Completed Projects,26.40 - 32.40 Lac,Vasna,Rajyash Group,26.4,32.4,29.4
Rajyash Reevera,No,"1, 2 BHK  Apartment",205,Completed Projects,24.70 - 35.10 Lac,Vasna,Rajyash Group,24.7,35.1,29.9
Popular Domain,No,4 BHK  Apartment,66,Ongoing Projects,2.41 - 3.22 Cr.,S G Highway,Popular Infra Build Pvt. Ltd.,241.0,322.0,281.5
Goyal Riviera Harmony,No,4 BHK  Apartment,48,Completed Projects,None,Prahlad Nagar,Goyal & co.,,,
Simandhar Tower,No,"2, 3 BHK  Apartment",,Completed Projects,None,Bodakdev,Simandhar Developers,,,
Shivalik Shilp,Yes,Office Space,,Completed Projects,60 Lac - 9.50 Cr.,S G Highway,Shivalik Group,60.0,950.0,505.0
Vincitore Valley,Yes,"2, 3 BHK  Apartment",267,Upcoming Projects,40 - 48.15 Lac,Hathijan,Not known,40.0,48.15,44.075
Sun South Trade Centre,Yes,Office Space,122,Completed Projects,33.22 Lac,South Bopal,Not known,33.22,33.22,33.22
Gajanan Arcade,Yes,Business Center,,Upcoming Projects,45 Lac,Vastral,Not known,45.0,45.0,45.0
Proxima,No,2 BHK  Apartment,,Upcoming Projects,43.50 Lac,Shela,Not known,43.5,43.5,43.5
Shivam Pearl 79,Yes,"2, 3 BHK  Apartment",79,Ongoing Projects,None,Shilaj,Not known,,,
Nebula Aavas,Yes,"1, 2 BHK  Apartment",,Upcoming Projects,18.01 - 22.35 Lac,Sanand,Not known,18.01,22.35,20.18
Broghar Sky City,No,Residential Plot,,Ongoing Projects,2.88 Lac,Dholera,Not known,2.88,2.88,2.88
Iconic Shyamal,Yes,Office Space,,Ongoing Projects,64.50 Lac,Shyamal,Not known,64.5,64.5,64.5
Rajyash Regius,Yes,"4, 5 BHK  Apartment",438,Upcoming Projects,1.51 - 3.28 Cr.,Bopal,Not known,151.0,328.0,239.5
Pacifica Amara,Yes,"2, 3 BHK  Apartment",392,Upcoming Projects,39 - 54 Lac,Sanathal,Not known,39.0,54.0,46.5
Palash Homes,Yes,"1, 2 BHK  Apartment",441,Upcoming Projects,21.65 - 36.87 Lac,Shantipura,Not known,21.65,36.87,29.259999999999998
Rameshwar City,No,3 BHK  Apartment,,Completed Projects,67.99 Lac,Kasindra,Not known,67.99,67.99,67.99
Aaron Spectra,Yes,Business Center,,Ongoing Projects,59.99 Lac - 1.06 Cr.,Bodakdev Sindhubhavan Road,Not known,59.99,106.0,82.995
Safal Samprat Residency,No,3 BHK  Apartment,30,Completed Projects,58.98 Lac,Satellite,HN Safal Infra Developers Pvt.Ltd.,58.98,58.98,58.98
Safal Summit,No,"2, 3 BHK  Apartment",15,Completed Projects,None,Satellite,HN Safal Infra Developers Pvt.Ltd.,,,
Iscon Platinum,Yes,"3, 4 BHK  Apartment",1036,Completed Projects,89.33 Lac - 1.97 Cr.,Bopal,Iscon Group,89.33,197.0,143.165
Dholera Expressway City,No,Residential Plot,171,Upcoming Projects,5.49 - 10.47 Lac,Dholera,Smart Homes Infrastructure Pvt. Ltd.,5.49,10.47,7.98
Mahadev Platinum,No,"2, 3 BHK  Apartment",220,Completed Projects,47 - 80 Lac,Ghodasar,Not known,47.0,80.0,63.5
Riviera Elite,Yes,"4, 5 BHK  Apartment",204,Completed Projects,2.30 - 4.28 Cr.,Khadiya,Not known,229.99999999999997,428.0,329.0
Avikam Giriraj,No,3 BHK  Apartment,,Completed Projects,65 Lac,Zundal,Not known,65.0,65.0,65.0
Modi Avenue,No,Commercial Shops,,Completed Projects,1.25 Cr.,Thakkarbapanagar,Not known,125.0,125.0,125.0
Vibrant Silver,No,2 BHK  Apartment,117,Completed Projects,None,Bopal,Not known,,,
Elite Magnum,No,Showrooms,202,Completed Projects,None,Bhuyangdev,Not known,,,
Navjivan Vihar Flats,No,1 RK  Apartment,375,Completed Projects,8 Lac,Geratpur,Not known,8.0,8.0,8.0
Signature 2,Yes,Office Space,,Completed Projects,None,Sarkhej,Not known,,,
Upvan Avenue,No,3 BHK  Apartment,70,Completed Projects,57 Lac,Vaishno Devi Circle,Not known,57.0,57.0,57.0
Aantarkshitij Phase 3,No,Agricultural/Farm Land,184,Completed Projects,3.55 Cr.,Rancharda,Not known,355.0,355.0,355.0
Samta Complex,No,Commercial Shops,,Completed Projects,85 Lac,Relief Road,Not known,85.0,85.0,85.0
Vibhuti Aniket Elegance,No,2 BHK  Apartment,50,Completed Projects,42 Lac,Chandkheda,Not known,42.0,42.0,42.0
Dev Atelier,No,3 BHK  Apartment,50,Completed Projects,1.21 Cr.,Anand Nagar,Not known,121.0,121.0,121.0
Empire Skyline,No,4 BHK  Apartment,,Completed Projects,2.05 Cr.,Science City,Not known,204.99999999999997,204.99999999999997,204.99999999999997
Shreeji Shreenath Swara,No,2 BHK  Apartment,,Completed Projects,None,Maninagar,Not known,,,
Applewoods Sorrel,No,2 BHK  Apartment,1004,Completed Projects,None,Khadiya,Not known,,,
Applewoods Villa Santolina,No,4 BHK  Apartment,170,Completed Projects,None,Khadiya,Not known,,,
Antilia One,No,3 BHK  Apartment,200,Completed Projects,69 Lac,Ghatlodiya,Not known,69.0,69.0,69.0
Art Nirman Shree Vishnudhara Gardens,Yes,"2, 3 BHK  Apartment",350,Completed Projects,43.16 - 63 Lac,S G Highway,Not known,43.16,63.0,53.08
Avalon Courtyard,No,3 BHK  Apartment,150,Completed Projects,None,Maninagar,Not known,,,
Ananya Allium,No,2 BHK  Apartment,162,Completed Projects,66 Lac,Tragad,Not known,66.0,66.0,66.0
Alpine Heights,No,2 BHK  Apartment,88,Completed Projects,68 - 70 Lac,Navrangpura,Not known,68.0,70.0,69.0
Aashray Atulyam,Yes,"2, 3 BHK  Apartment",434,Completed Projects,47.40 - 52.92 Lac,Shilaj,Not known,47.4,52.92,50.16
31five,No,Office Space,168,Completed Projects,None,Prahlad Nagar,Not known,,,
Aksharth Elegance,No,2 BHK  Apartment,52,Completed Projects,50 Lac,Tragad,Not known,50.0,50.0,50.0
Shivalik High Street,No,Office Space,,Completed Projects,85 Lac,Vastrapur,Not known,85.0,85.0,85.0
Rushabhdev Sharan Circle Homes,No,"2, 3 BHK  Apartment",342,Completed Projects,40.47 Lac - 1.82 Cr.,Zundal,Not known,40.47,182.0,111.235
Riviera Springs,Yes,"3, 4 BHK  Apartment",,Completed Projects,1.17 - 1.40 Cr.,Shela,Not known,117.0,140.0,128.5
Mauryansh Elanza,No,Office Space,,Completed Projects,6 Cr.,Satellite,Not known,600.0,600.0,600.0
Aaryan Aavishkaar,Yes,Office Space,,Completed Projects,58 Lac,Khadiya,Not known,58.0,58.0,58.0
Indraprasth Shivanta,Yes,3 BHK  Apartment,408,Completed Projects,70 Lac - 1.39 Cr.,Ambli,Not known,70.0,139.0,104.5
Diva Height,Yes,2 BHK  Apartment,207,Completed Projects,30 - 35 Lac,Gota,Not known,30.0,35.0,32.5
Aaryan Aaviskaar,No,3 BHK  Apartment,329,Completed Projects,72 Lac,Shela,Not known,72.0,72.0,72.0
Abcd Enclave,Yes,Residential Plot,,Completed Projects,12.50 - 60 Lac,Dholera,Not known,12.5,60.0,36.25
Elite Mercury,Yes,2 BHK  Apartment,192,Completed Projects,55 - 63 Lac,Tragad,Not known,55.0,63.0,59.0
Trade Center,Yes,Office Space,145,Completed Projects,28.50 Lac,South Bopal,Not known,28.5,28.5,28.5
Abhishree Adroit,No,Hotel & Restaurant,115,Completed Projects,None,Vastrapur,Not known,,,
Sankalp Grace 3,Yes,4 BHK  Apartment,,Completed Projects,1.76 - 2.48 Cr.,Thaltej,Not known,176.0,248.0,212.0
Ratnaakar 9 Square,No,Office Space,388,Completed Projects,79 Lac - 1.08 Cr.,Vastrapur,Not known,79.0,108.0,93.5
Aanira One,No,4 BHK  Apartment,52,Completed Projects,2.50 Cr.,Gota,Not known,250.0,250.0,250.0
Sun South Winds,No,3 BHK  Apartment,414,Completed Projects,41.47 - 78 Lac,South Bopal,Not known,41.47,78.0,59.735
Sun Orbit,No,Office Space,131,Completed Projects,58 Lac - 6.51 Cr.,Bodakdev,Not known,58.0,651.0,354.5
Shreeya Antilia,Yes,"4, 5, 7 BHK  Apartment",,Completed Projects,2.40 - 12.75 Cr.,Sindhubhavan Road,Not known,240.0,1275.0,757.5
Kalhaar Exotica,No,Residential Plot,,Completed Projects,15.40 - 18.31 Cr.,Science City,Not known,1540.0,1830.9999999999998,1685.5
Estella,Yes,"2, 3 BHK  Apartment",172,Completed Projects,65 - 70 Lac,South Bopal,Not known,65.0,70.0,67.5
Goyal Orchid Whitefield,No,2 BHK  Apartment,576,Completed Projects,None,Makarba,Not known,,,
Aristo Akalpya,Yes,3 BHK  Apartment,,Completed Projects,1.10 - 1.30 Cr.,Gota,Not known,110.00000000000001,130.0,120.0
Shyam Elegance,No,"2, 3 BHK  Apartment",166,Completed Projects,63 - 92.25 Lac,Satellite,Not known,63.0,92.25,77.625
Sahitya Elenza,Yes,"2, 3 BHK  Apartment",112,Completed Projects,32 - 47 Lac,Naroda,Not known,32.0,47.0,39.5
Adani Atrius,Yes,"2, 3 BHK  Apartment",,Completed Projects,60 - 85 Lac,Jagatpur,Not known,60.0,85.0,72.5
Satyesh Residency,No,"1, 2 BHK  Apartment",,Completed Projects,None,Shela,Not known,,,
Marigold Apartments,Yes,"2, 3 BHK  Apartment",489,Completed Projects,46.50 Lac,South Bopal,Not known,46.5,46.5,46.5
Krish Cubical,Yes,Office Space,359,Completed Projects,1.05 - 1.12 Cr.,Thaltej,Not known,105.0,112.00000000000001,108.5
World Trade Tower,Yes,Office Space,,Completed Projects,79.52 Lac,Makarba,Not known,79.52,79.52,79.52
Zion Prime,Yes,Office Space,74,Completed Projects,1.35 Cr.,Thaltej,Not known,135.0,135.0,135.0
Zion Z1,No,Office Space,,Completed Projects,50.57 Lac,Thaltej,Not known,50.57,50.57,50.57
Balaji Paragon,No,Office Space,,Completed Projects,None,Ellisbridge,Not known,,,
Greentech Residency Premium,No,Residential Plot,,Ongoing Projects,5 Lac,Dholera,NESTORIA BUILDCON PVT LTD,5.0,5.0,5.0
Titanium City Center,No,Office Space,1594,Completed Projects,29 Lac,Satellite,Not known,29.0,29.0,29.0
Shapath Hexa,No,Office Space,,Completed Projects,3.50 Cr.,S G Highway,Not known,350.0,350.0,350.0
Shree Lakshminarayan Residency,Yes,3 BHK  Apartment,168,Completed Projects,None,Bopal,Not known,,,
Iscon Emporio,No,Office Space,455,Completed Projects,59.57 Lac - 8.63 Cr.,Satellite,Not known,59.57,863.0000000000001,461.2850000000001
Amrapali Lakeview Tower,No,3 BHK  Apartment,,Completed Projects,85 Lac - 10 Cr.,Vastrapur,Not known,85.0,1000.0,542.5
Rajyash Reeva,Yes,3 BHK  Apartment,,Completed Projects,46.50 - 50.22 Lac,Vasna,Not known,46.5,50.22,48.36
Royal Glory,Yes,"2, 3 BHK  Apartment",91,Completed Projects,35.37 - 43.20 Lac,Ring Road  West,Not known,35.37,43.2,39.285
Adani Shantigram,No,"2, 3, 4 BHK  Apartment",250,Completed Projects,46 Lac - 1.80 Cr.,Vaishno Devi Circle,Not known,46.0,180.0,113.0
Titanium Heights,No,Office Space,301,Completed Projects,30.74 Lac - 1.09 Cr.,Prahlad Nagar,Not known,30.74,109.00000000000001,69.87
Safal Prelude,No,Office Space,,Completed Projects,50 - 55 Lac,Prahlad Nagar,Not known,50.0,55.0,52.5
Safal Parisar 2,No,3 BHK  Apartment,570,Completed Projects,None,South Bopal,Not known,,,
Greentech Residency,No,3 BHK  Apartment,,Completed Projects,8 - 36 Lac,Dholera,Not known,8.0,36.0,22.0
Dwarkesh Business Hub,Yes,Office Space,,Completed Projects,None,Motera,Not known,,,
Casa Vyoma,Yes,"2, 3, 4 BHK  Apartment",,Completed Projects,70.68 Lac - 1.69 Cr.,Vastrapur,Not known,70.68,169.0,119.84
Krupal Pathshala City Centre,Yes,Office Space,756,Completed Projects,10 - 10.00 Lac,Ashram Road,Not known,10.0,10.0,10.0
Elenza Greens,Yes,2 BHK  Apartment,323,Completed Projects,None,South Bopal,Not known,,,
City Gate,No,Commercial Shops,350,Completed Projects,None,Vasna,Not known,,,
Pushpak Corner,Yes,Business Center,247,Completed Projects,1.47 Cr.,Naroda,Not known,147.0,147.0,147.0
Vibrant Silver Ii,No,2 BHK  Apartment,47,Completed Projects,None,Bopal,Not known,,,
Shiv Business Hub,Yes,Commercial Shops,,Completed Projects,23.74 Lac - 1.09 Cr.,Nikol,Not known,23.74,109.00000000000001,66.37
Sun Aspire,Yes,3 BHK  Apartment,,Completed Projects,None,200ft Ring Road,Not known,,,
Sai Simran Residency,No,Showrooms,68,Completed Projects,None,Chandkheda,Not known,,,
Laxmi Villa Greens,No,Hotel & Restaurant,,Completed Projects,None,Naroda,Not known,,,
Tirupati Solitaire Reside,Yes,4 BHK  Apartment,,Completed Projects,3.88 Cr.,Bodakdev,Not known,388.0,388.0,388.0
Tulsi Residency,Yes,2 BHK  Apartment,322,Completed Projects,27 Lac,Naroda,Not known,27.0,27.0,27.0
Aarav Heritage,No,Residential Plot,,Completed Projects,5.12 - 18.85 Lac,Bholad,Not known,5.12,18.85,11.985000000000001
Solis One,Yes,3 BHK  Apartment,,Completed Projects,None,South Bopal,Not known,,,
Motikunj Society,No,6 BHK  Apartment,,Completed Projects,5.25 Cr.,Navrangpura,Not known,525.0,525.0,525.0
Setu Vertica,No,"2, 3 BHK  Apartment",,Completed Projects,60 - 72.75 Lac,Gota,Not known,60.0,72.75,66.375
Shangrila Arcade,No,Office Space,,Completed Projects,1.71 Cr.,Shyamal,Not known,171.0,171.0,171.0
Pinnacle Business Park,Yes,Office Space,,Completed Projects,None,Prahlad Nagar,Not known,,,
Godrej Vanaangan,Yes,1 BHK  Apartment,294,Completed Projects,39 Lac,Jagatpur,Not known,39.0,39.0,39.0
Applewoods Township,No,Commercial Shops,,Completed Projects,None,South Bopal,Not known,,,
Panchshil Residency,No,2 BHK  Apartment,175,Completed Projects,45 Lac,Gota,Not known,45.0,45.0,45.0
Aatrey Ivaan,Yes,2 BHK  Apartment,,Completed Projects,None,Nana Chiloda,Not known,,,
Pearl 79,Yes,3 BHK  Apartment,,Completed Projects,None,Shilaj,Not known,,,
Madhuvan Glory,Yes,2 BHK  Apartment,,Completed Projects,30 Lac,Naroda,Not known,30.0,30.0,30.0
323 Corporate Park,Yes,Office Space,,Completed Projects,1.03 Cr.,Ellisbridge,Not known,103.0,103.0,103.0
Shilp Paradise,Yes,4 BHK  Apartment,72,Completed Projects,1.99 - 2.30 Cr.,Bodakdev,Not known,199.0,229.99999999999997,214.5
Soham Bungalow,No,3 BHK  Apartment,,Completed Projects,35.50 Cr.,Nikol,Not known,3550.0,3550.0,3550.0
Royal Heights,Yes,"2, 3 BHK  Apartment",,Completed Projects,54.58 - 67.32 Lac,Gota,Not known,54.58,67.32,60.949999999999996
Mangalmurti Residency,No,2 BHK  Apartment,,Completed Projects,16.65 Lac,Narolgam,Not known,16.65,16.65,16.65
Silver Harmony 2,Yes,"3, 4 BHK  Apartment",184,Ongoing Projects,1.10 - 1.47 Cr.,Gota,Not known,110.00000000000001,147.0,128.5
Tirth One,No,2 BHK  Apartment,,Completed Projects,None,Narolgam,Not known,,,
Shri Parshva Orion,Yes,3 BHK  Apartment,,Completed Projects,1.10 Cr.,Paldi,Not known,110.00000000000001,110.00000000000001,110.00000000000001
Aristo Anandam,Yes,3 BHK  Apartment,,Completed Projects,78 Lac,Vaishno Devi Circle,Not known,78.0,78.0,78.0
Pavitra Enclave,Yes,"2, 3 BHK  Apartment",,Completed Projects,34.27 - 35.14 Lac,Tragad,Not known,34.27,35.14,34.705
Ashapura Divyapunj Bungalows,Yes,Residential Plot,27,Completed Projects,5 Cr.,Chandkheda,Not known,500.0,500.0,500.0
Abcd Enclave Iv,Yes,Residential Plot,24,Completed Projects,24 Lac,Dholera,Not known,24.0,24.0,24.0
Piccadilly Square Ii,Yes,Residential Plot,,Completed Projects,24.10 Lac,Dholera,Not known,24.1,24.1,24.1
Satva Elegance,Yes,"2, 3 BHK  Apartment",,Ongoing Projects,None,Nikol,Satva Galaxy Group,,,
Satva Imperia,Yes,"2, 3 BHK  Apartment",168,Upcoming Projects,None,Naroda,Satva Galaxy Group,,,
Shaligram Plus,Yes,Office Space,1 Acres,Completed Projects,None,Chandlodia,Not known,,,
Alok Heights,No,3 BHK  Apartment,,Completed Projects,34 Lac,Naranpura,Not known,34.0,34.0,34.0
Umang Vatva,No,1 BHK  Apartment,507,Completed Projects,9.50 Lac,Vatva,Not known,9.5,9.5,9.5
Hr Eternia,Yes,"2, 3 BHK  Apartment",233,Completed Projects,37.40 - 59.50 Lac,Shela,Not known,37.4,59.5,48.45
Shilp One,Yes,Office Space,,Completed Projects,None,Shilaj,Not known,,,
Rav Green City Dholera,No,Residential Plot,,Completed Projects,5.86 Lac,Dholera,Not known,5.86,5.86,5.86
Balaji Sahitya Hills And Icon,Yes,2 BHK  Apartment,280,Completed Projects,31 - 35 Lac,Naroda,Not known,31.0,35.0,33.0
Sun Gravitas,Yes,Office Space,,Completed Projects,26 - 37 Lac,Shyamal Cross Road,Not known,26.0,37.0,31.5
Shayona Viente Villa,No,4 BHK  Apartment,,Completed Projects,4 Cr.,Thaltej,Not known,400.0,400.0,400.0
Progressive Amdavad,Yes,2 BHK  Apartment,,Completed Projects,58.25 Lac,Jagatpur,Not known,58.25,58.25,58.25
Kailash Kunj Society,No,3 BHK  Apartment,,Completed Projects,3.75 Cr.,Nana Chiloda,Not known,375.0,375.0,375.0
Navkar Kalasagar Heights,No,"2, 3 BHK  Apartment",360,Completed Projects,29.37 - 72.58 Lac,Ranip,Not known,29.37,72.58,50.975
Anand Sukirti Vihar,No,3 BHK  Apartment,,Completed Projects,None,Sanand,Not known,,,
Safal Orchid Blues,Yes,2 BHK  Apartment,,Completed Projects,38.73 - 44.15 Lac,Khadiya,Not known,38.73,44.15,41.44
Arham Exotica,No,Residential Plot,,Completed Projects,3 Lac,Dholera,Not known,3.0,3.0,3.0
Lalbhai Khodiyar Upvan,Yes,3 BHK  Apartment,157,Completed Projects,65 Lac,Bopal,Not known,65.0,65.0,65.0
Kailash Royal,Yes,3 BHK  Apartment,200,Completed Projects,58 Lac,Nana Chiloda,Not known,58.0,58.0,58.0
Anant Sky,Yes,"1, 2 BHK  Apartment",470,Completed Projects,26.50 - 45 Lac,Ranip,Not known,26.5,45.0,35.75
Aarav Arise,Yes,4 BHK  Apartment,,Completed Projects,1.91 - 2.01 Cr.,Vastrapur,Not known,191.0,200.99999999999997,196.0
Hr Evernest,Yes,1 BHK  Apartment,,Completed Projects,28 Lac,South Bopal,Not known,28.0,28.0,28.0
Samor The Gold,Yes,"4, 5 BHK  Apartment",76,Completed Projects,3.25 Cr.,Thaltej,Not known,325.0,325.0,325.0
Palash Residences,Yes,3 BHK  Apartment,88,Completed Projects,73 Lac,Bopal,Not known,73.0,73.0,73.0
Dholera Greenfield smart city,No,Residential Plot,4,Ongoing Projects,25 Lac - 5 Cr.,Bavla,Infinity Infra,25.0,500.0,262.5
Magnanimous Greenz,No,Residential Plot,500,Ongoing Projects,8.99 - 42 Lac,Dhandhuka,Magnanimous Infrastructure Pvt. Ltd,8.99,42.0,25.495
Krish Luxuria,Yes,"2, 3 BHK  Apartment",236,Ongoing Projects,23.51 - 35.27 Lac,Vastral,Savaliya Builders,23.51,35.27,29.39
Maple Trade Centre,Yes,Office Space,,Ongoing Projects,2 - 5 Cr.,Thaltej,Ganesh Housing Corporation Ltd,200.0,500.0,350.0
Kadambini Kuttir,No,Individual Houses,,Completed Projects,10 - 30 Lac,Bagodara,Astapad Properties,10.0,30.0,20.0
Alaya Heights,Yes,"2, 3 BHK  Apartment",155,Completed Projects,53 - 67 Lac,Chharodi,Not known,53.0,67.0,60.0
Garden Paradise,No,2 BHK  Apartment,,Completed Projects,42 Lac,Bopal,Not known,42.0,42.0,42.0
Maple Greens Residency,Yes,3 BHK  Apartment,,Completed Projects,1.18 - 1.20 Cr.,Thaltej,Not known,118.0,120.0,119.0
Shivalik Greenview,Yes,"3, 4 BHK  Apartment",,Upcoming Projects,1.37 - 2.67 Cr.,Shantigram,Shivalik Group,137.0,267.0,202.0
Shivalik Edge,Yes,4 BHK  Apartment,,Upcoming Projects,3.33 Cr.,Ambli,Shivalik Group,333.0,333.0,333.0
Saanvi Nirman Celesta,Yes,"2, 3 BHK  Apartment",,Completed Projects,38.33 - 51 Lac,Ghuma,Not known,38.33,51.0,44.665
Saanvi Nirman Spectra,Yes,4 BHK  Apartment,,Completed Projects,1.57 - 1.59 Cr.,Bopal,Not known,157.0,159.0,158.0
Mahadev Elegance,Yes,"2, 3 BHK  Apartment",,Completed Projects,41.30 - 50.75 Lac,South Bopal,Not known,41.3,50.75,46.025
Goyal Riviera Elite,Yes,"4, 5 BHK  Apartment",,Completed Projects,1.86 - 5.93 Cr.,Shela,Not known,186.0,593.0,389.5
Swati Residency 3,No,2 BHK  Apartment,72,Completed Projects,40 - 42 Lac,Chandkheda,Not known,40.0,42.0,41.0
Kaveri Soham Vivanta,Yes,3 BHK  Apartment,280,Completed Projects,65 - 73.20 Lac,Shilaj,Not known,65.0,73.2,69.1
Olive Greens,Yes,3 BHK  Apartment,,Completed Projects,90.30 Lac - 1.73 Cr.,Gota,Not known,90.3,173.0,131.65
Devnandan Heights,No,3 BHK  Apartment,144,Completed Projects,None,Chandkheda,Devnandan Builders,,,
Ansh Amanta,Yes,"3, 4 BHK  Apartment",,Upcoming Projects,75.23 Lac - 1.14 Cr.,Godhavi,Ansh Group,75.23,113.99999999999999,94.615
ONE 35,Yes,3 BHK  Apartment,,Upcoming Projects,70 Lac,Shilaj,Alok Developers,70.0,70.0,70.0
Balaji 5 Star Villa,No,2 BHK  Apartment,,Upcoming Projects,31 Lac,Bagodara,Balajay Infrastructure Pvt. Ltd.,31.0,31.0,31.0
Shilp Revanta,Yes,3 BHK  Apartment,,Upcoming Projects,None,Shela,Shilp Group,,,
Sun Westbank,Yes,Business Center,,Completed Projects,28.60 - 31.46 Lac,Ashram Road,Sun Builders Group,28.6,31.46,30.03
Skydeck Select,No,4 BHK  Apartment,,Completed Projects,3.25 - 4.32 Cr.,Vikram Nagar Ambli,Saanvi Nirman House,325.0,432.0,378.5
Satved Platinum,Yes,2 BHK  Apartment,163,Upcoming Projects,29.50 - 32.72 Lac,Naroda,Preyas Infra,29.5,32.72,31.11
Silver Luxuria,Yes,4 BHK  Apartment,,Upcoming Projects,1.60 Cr.,Jagatpur,Avirat Infrastructure Pvt Ltd,160.0,160.0,160.0
Aaryabhumi,Yes,3 BHK  Apartment,,Upcoming Projects,None,Satellite,Aaryabhumi Developers LLP,,,
RE 11,Yes,Business Center,,Completed Projects,85.30 Lac,Vikram Nagar Ambli,RATNA GROUP,85.3,85.3,85.3
Anmol Anmol Residency III,No,3 BHK  Apartment,24,Completed Projects,None,Sola,Anmol Infrabuild LLP,,,
Anmol Towers,No,"2, 3 BHK  Apartment",80,Completed Projects,None,Shahibaug,Anmol Infrabuild LLP,,,
Anmol Residency I,No,3 BHK  Apartment,18,Completed Projects,None,Shahibaug,Anmol Infrabuild LLP,,,
Vishwanath Shaligram 2,No,"3, 4 BHK  Apartment",40,Completed Projects,None,Satellite,Vishwanath Builders,,,
Vishwanath Sharanam 3,No,"2, 3 BHK  Apartment",80,Completed Projects,None,Satellite,Vishwanath Builders,,,
Vishwanath Shaligram 3,No,"3, 4 BHK  Apartment",74,Completed Projects,None,Satellite,Vishwanath Builders,,,
Anmol Aashutosh Apartments,No,"2, 3 BHK  Apartment",100,Completed Projects,None,Naranpura,Anmol Infrabuild LLP,,,
Anmol Amarapali Apartments,No,"2, 3 BHK  Apartment",120,Completed Projects,None,Naranpura,Anmol Infrabuild LLP,,,
Silver Radiance One,No,Commercial Shops,,Ongoing Projects,None,Thaltej,Avirat Infrastructure Pvt Ltd,,,
Satva Platinum,No,Commercial Shops,,Ongoing Projects,29 - 30 Lac,Naroda,Satva Galaxy Group,29.0,30.0,29.5
Vishwanath Sharanam 12,No,2 BHK  Apartment,120,Completed Projects,72 Lac,Prahlad Nagar,Vishwanath Builders,72.0,72.0,72.0
Vishwanath Sharanam 11,No,2 BHK  Apartment,100,Completed Projects,75 Lac,Satellite,Vishwanath Builders,75.0,75.0,75.0
Savaliya Jahnavi Bunglows V,No,4 BHK  Apartment,,Completed Projects,5.50 Cr.,Bodakdev,Savaliya Builders,550.0,550.0,550.0
Deep Anurag Tower,No,3 BHK  Apartment,40,Completed Projects,None,Usmanpura,Deep Group Of Companies,,,
Vishwanath Sharanam 8,No,3 BHK  Apartment,80,Completed Projects,1.30 Cr.,Satellite,Vishwanath Builders,130.0,130.0,130.0
Vishwanath Shaligram 1,No,3 BHK  Apartment,88,Completed Projects,1.30 Cr.,Satellite,Vishwanath Builders,130.0,130.0,130.0
Anmol Abhishek Apartments,No,1 BHK  Apartment,96,Completed Projects,23 Lac,Naranpura,Anmol Infrabuild LLP,23.0,23.0,23.0
Anmol Anuradha Apartments,No,3 BHK  Apartment,20,Completed Projects,1.21 Cr.,Shahibaug,Anmol Infrabuild LLP,121.0,121.0,121.0
Enigma,No,"3, 4 BHK  Apartment",,Ongoing Projects,None,Thaltej,Ajmera Group,,,
Kensville Golf Living,No,Individual Houses,,Ongoing Projects,45 - 90 Lac,Nalsarover,Yatharth Group,45.0,90.0,67.5
Gala Haven,No,"2, 3 BHK  Apartment",,Ongoing Projects,72 Lac,S G Highway,Gala Infrastructure,72.0,72.0,72.0
Maple Trade Centre,No,Flats & Apartments,,Ongoing Projects,None,Memnagar,Ganesh Housing Corporation Limited,,,
Navkar Greens,No,Flats & Apartments,,Ongoing Projects,None,Bagodara,Kalapi Realty,,,
Suramya Grove,No,Residential Plot,,Ongoing Projects,68.08 Lac - 1.04 Cr.,Hathijan,Synthesis Spacelinks Pvt. Ltd.,68.08,104.0,86.03999999999999
Aakruti Vansh Villa,No,Residential Plot,,Ongoing Projects,None,Bavla,AROMA REALTIES LTD,,,
Safal Vihaan,No,4 BHK  Apartment,92,Completed Projects,1.55 Cr.,Sanathal,HN Safal Infra Developers Pvt.Ltd.,155.0,155.0,155.0
Stanza,No,3 BHK  Apartment,,Ongoing Projects,None,Shela,SAMARTH GROUP,,,
Shubh-II,No,2 BHK  Apartment,,Ongoing Projects,None,Satellite,Shubh Infracon,,,
Krupal Bachpan,No,"2, 3 BHK  Apartment",,Ongoing Projects,None,Shela,Narayankrupa Infra,,,
Shayona Tirth,No,3 BHK  Apartment,32,Completed Projects,None,Chanakyapuri,Shayona Land Corporation,,,
Anmol Residency II,No,3 BHK  Apartment,7,Completed Projects,None,Shahibaug,Anmol Infrabuild LLP,,,
Balleshwar Apartments,No,"2, 3 BHK  Apartment",16,Completed Projects,None,Usmanpura,Balleshwar Builders,,,
Shivalik Avenue,Yes,4 BHK  Apartment,,Upcoming Projects,None,Bodakdev,Shivalik Group,,,
Belvista,No,3 BHK  Apartment,,Ongoing Projects,None,Ambli,Arista Life Spaces,,,
Parshwa Luxuria,Yes,4 BHK  Apartment,,Completed Projects,3.35 Cr.,Ambli,Parshwa Infraventures,335.0,335.0,335.0
Shilp Zaveri,Yes,Business Center,,Upcoming Projects,55 Lac - 10.42 Cr.,Shyamal,Zaveri Realty,55.0,1042.0,548.5
Arvind Forreste,Yes,"1 RK  / 1, 2, 3, 4 BHK  Apartment",,Upcoming Projects,55 Lac - 1.99 Cr.,Rancharda,Arvind Smartspaces,55.0,199.0,127.0
Arvind Uplands One,Yes,"4, 5, 6 BHK  Apartment",,Upcoming Projects,2.30 - 5.46 Cr.,Rancharda,Arvind Smartspaces,229.99999999999997,546.0,388.0
Krupal Pathshala,Yes,Business Center,,Upcoming Projects,50 Lac - 2.10 Cr.,Shivranjani,Narayan Krupa Builders Pvt Ltd,50.0,210.0,130.0
Jay Visat Signature,Yes,3 BHK  Apartment,,Upcoming Projects,66.67 - 67.60 Lac,Chandkheda,JVR Infra,66.67,67.6,67.13499999999999
Abjibapa Dev Aashish Sky,Yes,"2, 3 BHK  Apartment",,Upcoming Projects,26.76 - 35.69 Lac,Nava Naroda,Abjibapa Buildcon Pvt Ltd,26.76,35.69,31.225
Abjibapa Dev Aashish Divine II,Yes,2 BHK  Apartment,,Ongoing Projects,22.79 - 26.08 Lac,Narol,Abjibapa Buildcon Pvt Ltd,22.79,26.08,24.435
Ananta Elite,Yes,3 BHK  Apartment,,Upcoming Projects,1.75 - 1.76 Cr.,Ambawadi,Anshul corporation,175.0,176.0,175.5
Balaji Upvan,No,2 BHK  Apartment,,Ongoing Projects,4.50 - 27 Lac,Bagodara,Balajay Infrastructure Pvt. Ltd.,4.5,27.0,15.75
Signature Celestia,Yes,"2, 3 BHK  Apartment",,Upcoming Projects,40.87 - 55.99 Lac,Tragad,Neelkanth Realty,40.87,55.99,48.43
Visionnair,Yes,4 BHK  Apartment,,Ongoing Projects,2.13 Cr.,Bodakdev,V R Infra,213.0,213.0,213.0
Sun Atmosphere,Yes,"2, 3 BHK  Apartment",,Upcoming Projects,33.26 - 43 Lac,Shela,Sun Builders Group,33.26,43.0,38.129999999999995
Dholera Metro City 5001,No,Residential Plot,,Ongoing Projects,6.76 Lac,Dhandhuka,Dholera SIR Infra Development,6.76,6.76,6.76
Dholera Metro City 5002,No,Residential Plot,,Ongoing Projects,6.76 Lac,Dholera,Dholera SIR Infra Development,6.76,6.76,6.76
Dholera Metro City 5003,No,Residential Plot,,Ongoing Projects,6.76 Lac,Dholera,Dholera SIR Infra Development,6.76,6.76,6.76
Dholera Metro City 5004,No,Residential Plot,,Ongoing Projects,14.40 - 28.76 Lac,Dhandhuka,Dholera SIR Infra Development,14.4,28.76,21.580000000000002
Dholera Metro City 5005,No,Residential Plot,,Ongoing Projects,20.71 - 24.99 Lac,Dhandhuka,Dholera SIR Infra Development,20.71,24.99,22.85
Dholera Metro City-1,No,Individual Houses,,Ongoing Projects,6.85 Lac,Dholera,Dholera SIR Infra Development,6.85,6.85,6.85
Dholera Metro City 2,No,Residential Plot,,Ongoing Projects,6.57 Lac,Dholera,Dholera SIR Infra Development,6.57,6.57,6.57
Dholera Metro City 3,No,Residential Plot,,Ongoing Projects,5.89 Lac,Dholera,Dholera SIR Infra Development,5.89,5.89,5.89
Dholera Metro City-4,No,Residential Plot,,Ongoing Projects,5.89 Lac,Dholera,Dholera SIR Infra Development,5.89,5.89,5.89
Rashmi Vihar,Yes,"1, 2 BHK  Apartment",,Completed Projects,14.50 - 22.19 Lac,Narolgam,Rashmi Engicon Pvt. Ltd,14.5,22.19,18.345
Pelican,Yes,Commercial Shops,,Upcoming Projects,None,Odhav,Sheladia Projects,,,
Shilp Epitome,Yes,Business Center,,Upcoming Projects,49.32 Lac - 1.22 Cr.,Bodakdev,Shilp Group,49.32,122.0,85.66
Sun Shela One,Yes,2 BHK  Apartment,,Ongoing Projects,35 - 41 Lac,Shela,Sun Builders Group,35.0,41.0,38.0
Sun South Rayz,Yes,"2, 3 BHK  Apartment",,Upcoming Projects,46.21 - 55.77 Lac,Bopal,Sun Builders Group,46.21,55.77,50.99
Vishwanath Aman,Yes,4 BHK  Apartment,,Upcoming Projects,2.10 Cr.,Thaltej,Vishwanath Realtor,210.0,210.0,210.0
Suryam Aura,Yes,2 BHK  Apartment,,Upcoming Projects,30 - 31.70 Lac,Nikol,Suryam Group of Companies,30.0,31.7,30.85
Suryam Ananta,Yes,3 BHK  Apartment,,Upcoming Projects,42.30 Lac,Vastral,Suryam Group of Companies,42.3,42.3,42.3
Riviera Woods,Yes,"4, 5 BHK  Apartment",,Upcoming Projects,1.48 - 1.89 Cr.,Shela,HN Safal Infra Developers Pvt.Ltd.,148.0,189.0,168.5
HN Jai Hind,Yes,Business Center,,Upcoming Projects,60 - 90 Lac,S G Highway,HN Safal Infra Developers Pvt.Ltd.,60.0,90.0,75.0
Suvidha Stellar,Yes,Business Center,,Completed Projects,1.93 - 6.93 Cr.,Bodakdev,Suvidha Projects Pvt Ltd.,193.0,693.0,443.0
Orchid Legacy,Yes,"3, 4, 5 BHK  Apartment",,Upcoming Projects,64.41 Lac - 1.36 Cr.,S P Ring Road,HN Safal Infra Developers Pvt.Ltd.,64.41,136.0,100.205
Vraj Oriana,Yes,3 BHK  Apartment,,Ongoing Projects,90 Lac - 1 Cr.,Prahlad Nagar,VRAJ GROUP,90.0,100.0,95.0
Vraj Valencia,Yes,Commercial Shops,,Completed Projects,55 Lac - 1 Cr.,Sola,VRAJ GROUP,55.0,100.0,77.5
Arista Belvedere Park,No,4 BHK  Apartment,,Completed Projects,2.53 Cr.,Bodakdev,Arista Life Spaces,252.99999999999997,252.99999999999997,252.99999999999997
Arista Swastik Vihar,No,Residential Plot,,Completed Projects,23 - 50 Lac,Bavla,Arista Life Spaces,23.0,50.0,36.5
Malabar County,No,"2, 3 BHK  Apartment",,Ongoing Projects,35.71 - 45.35 Lac,S G Highway,Ganesh Corporate House,35.71,45.35,40.53
BelleVue Vieraaa,No,"1, 2 BHK  Apartment",,Ongoing Projects,16 Lac - 1.10 Cr.,Bavla,Davda Infrastructure Private Limited,16.0,110.00000000000001,63.00000000000001
Karmayog Heights,Yes,"3, 4 BHK  Apartment",,Ongoing Projects,1.56 - 2.04 Cr.,Navrangpura,SETU BUILDERS,156.0,204.0,180.0
Satyam 64,Yes,Commercial Shops,,Completed Projects,None,S G Highway,Satyam Developers Ltd.,,,
Arvind Aavishkaar,Yes,2 BHK  Apartment,,Ongoing Projects,31 Lac,Naroda,Arvind Smartspaces,31.0,31.0,31.0
Sangani Sapphire Greens,No,3 BHK  Apartment,30,Completed Projects,None,Thaltej,Sangani Infrastructure India Pvt. Ltd.,,,
Sangani Vrajbhoomi,Yes,"3, 4 BHK  Apartment",146,Completed Projects,42.99 - 66.99 Lac,Vatva,Sangani Infrastructure India Pvt. Ltd.,42.99,66.99,54.989999999999995
Sangani Aditya Heights,No,3 BHK  Apartment,104,Completed Projects,None,Motera,Sangani Infrastructure India Pvt. Ltd.,,,
Sangani Shaligram Lakeview,Yes,"2, 3, 4 BHK  Apartment",396,Completed Projects,None,S P Ring Road,Sangani Infrastructure India Pvt. Ltd.,,,
Sangani Samruddhi Residency,No,"1, 2 BHK  Apartment",555,Completed Projects,12.21 - 21.61 Lac,Narol,Sangani Infrastructure India Pvt. Ltd.,12.21,21.61,16.91
Sangani Platinum,No,"2, 3 BHK  Apartment",284,Completed Projects,14.35 - 30.02 Lac,Narol,Sangani Infrastructure India Pvt. Ltd.,14.35,30.02,22.185
Sangani Signor Residency,No,"2, 3 BHK  Apartment",80,Completed Projects,None,Satellite,Sangani Infrastructure India Pvt. Ltd.,,,
Sangani Samarthya Residency,No,"2, 3 BHK  Apartment",60,Completed Projects,None,Chandkheda,Sangani Infrastructure India Pvt. Ltd.,,,
sangani Signor Residency Motera,No,3 BHK  Apartment,80,Completed Projects,None,Motera,Sangani Infrastructure India Pvt. Ltd.,,,
Golden Swarnim Stone,Yes,3 BHK  Apartment,104,Ongoing Projects,67.99 Lac,S G Highway,Swarnim Group,67.99,67.99,67.99
Golden Swarnim Bungalows,No,5 BHK  Apartment,19,Completed Projects,None,Ognaj,Swarnim Group,,,
Golden Swarnim Sky,Yes,"3, 4 BHK  Apartment",84,Ongoing Projects,79.99 Lac - 1.05 Cr.,Ognaj,Swarnim Group,79.99,105.0,92.495
Elegance Earth Errita,No,4 BHK  Apartment,12,Completed Projects,None,Thaltej,Elegance Skyz,,,
Elegance Earth 12,No,4 BHK  Apartment,12,Completed Projects,None,Ambli,Elegance Skyz,,,
Elegance Earth Aroma,No,2 BHK  Apartment,60,Completed Projects,None,Santej,Elegance Skyz,,,
Infinity City,No,Residential Plot,48,Ongoing Projects,None,Dholera,Infinity Infra,,,
Infinity Greenfield Gorasu,No,Residential Plot,39,Completed Projects,None,Dholera,Infinity Infra,,,
India Greenland,No,Residential Plot,3268,Completed Projects,6.29 Lac - 1.45 Cr.,Nalsarover,India Green Reality Ltd,6.29,145.0,75.645
Merlin Arham,No,3 BHK  Apartment,15,Completed Projects,None,Paldi,Merlin Group,,,
Paghadi Gulab Weekend Farmhouses,No,2 BHK  Apartment,52,Completed Projects,51.99 - 59.99 Lac,Sanand,Paghadi Infratech,51.99,59.99,55.99
Paghadi Amaranthus Villas,No,4 BHK  Apartment,48,Completed Projects,None,Sola,Paghadi Infratech,,,
Vyapti Vraj Homes,No,2 BHK  Apartment,149,Completed Projects,None,Shela,Vyapti Companies,,,
Yash Pinnacle,Yes,2 BHK  Apartment,193,Completed Projects,None,Paldi,YASH GROUP OF COMPANIES,,,
Sheetal Aqua,Yes,3 BHK  Apartment,140,Completed Projects,2.05 - 3.17 Cr.,Shahibaug,Sheetal Infrastructure,204.99999999999997,317.0,261.0
Sparsh Sparsh Villa,No,4 BHK  Apartment,39,,None,Dholka,Sparsh Developers,,,
Sparsh Dev Residency,No,Flats & Apartments,188,Completed Projects,None,Nikol,Sparsh Developers,,,
Zaveri Amara,Yes,"4, 5 BHK  Apartment",56,Ongoing Projects,None,Bodakdev,Zaveri Realty,,,
Sparsh Atithi,No,"1, 2 BHK  Apartment",88,Completed Projects,None,Chandkheda,Sparsh Developers,,,
Sparsh Sawan Villa,No,4 BHK  Apartment,39,Completed Projects,None,Dholka,Sparsh Developers,,,
Santosh Shantiniketan 1,No,2 BHK  Apartment,,Completed Projects,None,Paldi,Santosh Associates,,,
Santosh Shantinagar 1,No,"1, 2 BHK  Apartment",263,Completed Projects,10.65 - 18.40 Lac,Vejalpur,Santosh Associates,10.65,18.4,14.524999999999999
Santosh Shanti Complex,No,1 BHK  Apartment,130,Completed Projects,None,Vejalpur,Santosh Associates,,,
Goyal Green County,No,Residential Plot,,Completed Projects,None,Sanathal,Goyal Properties,,,
Arise Arise Florus,No,"3, 4 BHK  Apartment",97,Ongoing Projects,68.19 - 91.44 Lac,Ognaj,Arise Group,68.19,91.44,79.815
Greenera Panchi,No,Residential Plot,,Ongoing Projects,10.87 Lac,Dholera,Greenera INFRAWELL Pvt Ltd,10.87,10.87,10.87
Greenera Gardenvilla,No,Residential Plot,,Ongoing Projects,16.11 - 38.61 Lac,Dholera,Greenera INFRAWELL Pvt Ltd,16.11,38.61,27.36
Simandhar Simandhar Status,No,"2, 3 BHK  Apartment",88,Completed Projects,None,Gota,Simandhar Developers,,,
Simandhar Metro,No,2 BHK  Apartment,150,Completed Projects,None,Gota,Simandhar Developers,,,
Simandhar Simandhar Homes,No,"1, 2 BHK  Apartment",44,Completed Projects,None,Gota,Simandhar Developers,,,
Simandhar Simandhar Silver,No,"1, 2 BHK  Apartment",20,Completed Projects,16.45 - 27.03 Lac,Thaltej,Simandhar Developers,16.45,27.03,21.740000000000002
Aagam 9,No,"1, 2 BHK  Apartment",256,Completed Projects,None,Mandal,Aagam Group,,,
Simandhar Residancy,No,2 BHK  Apartment,36,Completed Projects,None,Thaltej,Simandhar Developers,,,
Merlin Sapphire,No,4 BHK  Apartment,5,Completed Projects,None,Gulbai Tekra,Merlin Group,,,
Merlin Sparsh,No,2 BHK  Apartment,169,Completed Projects,20.62 Lac,Narol,Merlin Group,20.62,20.62,20.62
Bhavya Royal Homes,Yes,"2, 3 BHK  Apartment",259,Completed Projects,35.62 - 49.01 Lac,Gota,Bhavya Buildcon,35.62,49.01,42.315
Arista Eminence 14,Yes,4 BHK  Apartment,14,Completed Projects,2.50 Cr.,Thaltej,Arista Buildcon,250.0,250.0,250.0
Advance Le Jardin,Yes,"3, 4 BHK  Apartment",166,Completed Projects,1.68 - 2.38 Cr.,Law Garden,Advance Group,168.0,238.0,203.0
Vishwanath Sarathya,Yes,3 BHK  Apartment,260,Completed Projects,55.97 Lac,Shela,Kapila Infrastructure,55.97,55.97,55.97
Aaryan Opulence,Yes,"3, 4 BHK  Apartment",80,Completed Projects,2.46 Cr.,Ambli,Aaryan Developers,246.0,246.0,246.0
Aaryan Embassy,Yes,"2, 3 BHK  Apartment",136,Completed Projects,56 - 57.60 Lac,Bopal,AARYAN INFRABUILD PVT. LTD.,56.0,57.6,56.8
Arista Belvista,Yes,3 BHK  Apartment,54,Completed Projects,None,Ambli,Arista Life Spaces,,,
Shivalik Sharda Park View,No,3 BHK  Apartment,,Ongoing Projects,None,Shela,Shivalik Group,,,
Shivalik Legacy,Yes,4 BHK  Apartment,,Upcoming Projects,None,Judges Bunglow,Shivalik Group,,,
Shivalik Square,Yes,Commercial Shops,,Upcoming Projects,None,New Vadaj,Shivalik Group,,,
Shivalik Satyamev,Yes,Office Space,,Upcoming Projects,None,S P Ring Road,Shivalik Group,,,
Shivalik Shilp 2,Yes,Office Space,,Upcoming Projects,None,Vastrapur,Shivalik Group,,,
Shivalik Florette,No,5 BHK  Apartment,,Ongoing Projects,None,Ambli,Shivalik Group,,,
Radhe Radiance Residency,Yes,2 BHK  Apartment,92,Completed Projects,45.37 - 60.65 Lac,Motera,Radhe Infrastructure & Projects (India) Limited,45.37,60.65,53.01
Anchor Yash Arian,Yes,"2, 3 BHK  Apartment",238,Completed Projects,53.65 - 93.84 Lac,Navrangpura,Anchor Realty,53.65,93.84,73.745
Sun Sky Park,Yes,"3, 4, 5 BHK  Apartment",252,Ongoing Projects,None,Ambli,Sun Builders Group,,,
Sun Centrum,Yes,3 BHK  Apartment,21,Completed Projects,None,Navrangpura,Sun Builders Group,,,
Narayan Krupal Bachpan,Yes,"2, 3 BHK  Apartment",142,Ongoing Projects,None,Shela,Narayankrupa Infra,,,
Narayan Krupal Pride,No,3 BHK  Apartment,7,Completed Projects,None,Navrangpura,Narayankrupa Infra,,,
Narayan Krupal Heritage,No,"2, 3 BHK  Apartment",74,Completed Projects,None,Prahlad Nagar,Narayankrupa Infra,,,
Silver Pearl,No,"1, 2 BHK  Apartment",,Ongoing Projects,None,Chanakyapuri,NB Developer,,,
Aaryan Himali Appartment,No,2 BHK  Apartment,34,Completed Projects,None,Paldi,Aaryan Group,,,
Aaryan Achal Apartment,No,2 BHK  Apartment,16,Completed Projects,None,Vasna,Aaryan Group,,,
Satva Satva III,No,"2, 3 BHK  Apartment",186,Completed Projects,15.12 - 27 Lac,Nava Naroda,Satva Galaxy Group,15.12,27.0,21.06
Satva Gokul 2,No,2 BHK  Apartment,169,Ongoing Projects,16.25 Lac,Kathwada,Satva Galaxy Group,16.25,16.25,16.25
Aaryan Vandematram Appartment,No,"1, 2 BHK  Apartment",206,Completed Projects,None,Ghatlodiya,Aaryan Group,,,
Aaryan Vandematram Township,No,2 BHK  Apartment,124,Completed Projects,None,Gota,Aaryan Group,,,
Ganesh Shangrila,No,3 BHK  Apartment,115,Completed Projects,None,Thaltej,Ganesh Housing Corporation Limited,,,
Ganesh Satva,No,"2, 3 BHK  Apartment",208,Completed Projects,None,Paldi,Ganesh Housing Corporation Limited,,,
Shayona Darshan Bunglows,No,3 BHK  Apartment,53,Completed Projects,1.62 Cr.,Ranip,Shayona Land Corporation,162.0,162.0,162.0
Shayona Residency,No,"1, 2 BHK  Apartment",112,Completed Projects,None,Nava Naroda,Shayona Land Corporation,,,
Shree Radha Jaldeep Icon,Yes,"2, 3 BHK  Apartment",84,Ongoing Projects,48.52 - 72.15 Lac,Makarba,Shree Radha Krishna Group,48.52,72.15,60.33500000000001
Shree Radha Jaldeep Vertex,Yes,"3, 4 BHK  Apartment",45,Ongoing Projects,1.57 - 1.79 Cr.,Ambli,Shree Radha Krishna Group,157.0,179.0,168.0
Shree Rang Pineapple,No,4 BHK  Apartment,49,Completed Projects,1.02 Cr.,Chandkheda,Shree Rang Infrastructure,102.0,102.0,102.0
Shayona Harmony,No,4 BHK  Apartment,32,Completed Projects,None,Naroda,Shayona Land Corporation,,,
Shayona City,No,"1, 2, 3 BHK  Apartment",,Completed Projects,24.20 - 39.50 Lac,Chanakyapuri,Shayona Land Corporation,24.2,39.5,31.85
Shayona Krupa,No,3 BHK  Apartment,52,Completed Projects,None,Chanakyapuri,Shayona Land Corporation,,,
Shree Radha Jaldhara 319,Yes,3 BHK  Apartment,37,Completed Projects,73 Lac,Sanand,Shree Radha Krishna Group,73.0,73.0,73.0
Shree Radha Jaldhara III,No,3 BHK  Apartment,,Completed Projects,None,Sanand,Shree Radha Krishna Group,,,
Ganesh Maple Tree,Yes,"3, 4 BHK  Apartment",512,Completed Projects,1.32 - 2.43 Cr.,Memnagar,Ganesh Housing Corporation Limited,132.0,243.00000000000003,187.5
Ganesh Suyojan,No,3 BHK  Apartment,96,Completed Projects,89.43 Lac,S G Highway,Ganesh Housing Corporation Limited,89.43,89.43,89.43
Ganesh Sundarvan Epitome,No,4 BHK  Apartment,46,Completed Projects,None,Jodhpur,Ganesh Housing Corporation Limited,,,
Ganesh Malabar County,No,"2, 3 BHK  Apartment",598,Completed Projects,35.71 Lac,S G Highway,Ganesh Housing Corporation Limited,35.71,35.71,35.71
Ganesh Malabar County II,No,3 BHK  Apartment,442,Completed Projects,50 - 55.59 Lac,S G Highway,Ganesh Housing Corporation Limited,50.0,55.59,52.795
Shree Rang City,No,Residential Plot,68,Completed Projects,72.59 Lac,Chandkheda,Shree Rang Infrastructure,72.59,72.59,72.59
A Shridhar Kaveri Kadamb,Yes,2 BHK  Apartment,100,Ongoing Projects,43 Lac,Shilaj,A Shridhar,43.0,43.0,43.0
A Shridhar Kaveri Trisara,Yes,2 BHK  Apartment,140,Ongoing Projects,None,Shilaj,A Shridhar,,,
A Shridhar Kaveri Soham,Yes,3 BHK  Apartment,140,Ongoing Projects,58.39 Lac,Bopal,A Shridhar,58.39,58.39,58.39
A Shridhar Kaveri Sangam,Yes,"2, 3 BHK  Apartment",224,Completed Projects,45.44 - 53.25 Lac,Shilaj,A Shridhar,45.44,53.25,49.345
A Shridhar Kaveri Pratham,No,"2, 3 BHK  Apartment",165,Completed Projects,None,Shilaj,A Shridhar,,,
Goyal Riviera One,Yes,"4, 5 BHK  Apartment",48,Ongoing Projects,None,Prahlad Nagar,Goyal and Company,,,
Goyal Riviera Elegance,No,4 BHK  Apartment,44,Completed Projects,3.50 Cr.,Prahlad Nagar,Goyal and Company,350.0,350.0,350.0
Goyal Riviera Antilla,No,"4, 5 BHK  Apartment",41,Completed Projects,None,Prahlad Nagar,Goyal and Company,,,
Vyapti Vandemataram Crosswind,No,"2, 3 BHK  Apartment",168,Completed Projects,33.91 - 47.43 Lac,Gota,Vyapti Companies,33.91,47.43,40.67
Goyal Green Park,No,4 BHK  Apartment,114,Completed Projects,1.40 - 1.75 Cr.,Nava Vadaj,Goyal and Company,140.0,175.0,157.5
Goyal Riviera Greens,No,5 BHK  Apartment,48,Completed Projects,None,Nava Vadaj,Goyal and Company,,,
Vyapti Vandematram Fabula,No,"2, 3 BHK  Apartment",200,Ongoing Projects,35.51 - 43.19 Lac,S G Highway,Vyapti Companies,35.51,43.19,39.349999999999994
Goyal Orchid Heaven,Yes,"3, 4 BHK  Apartment",448,Ongoing Projects,None,Bopal,Goyal and Company,,,
Goyal Orchid Divine,Yes,3 BHK  Apartment,252,Ongoing Projects,None,Bopal,Goyal and Company,,,
Goyal Orchid Paradise,Yes,"2, 3 BHK  Apartment",384,Completed Projects,None,Bopal,Goyal and Company,,,
Goyal Orchid Mayfair,No,4 BHK  Apartment,33,Completed Projects,None,Makarba,Goyal and Company,,,
Goyal Riviera Exotica,No,"4, 5 BHK  Apartment",22,Completed Projects,None,Vastrapur,Goyal and Company,,,
Goyal Nirvana Greens,No,Residential Plot,334,Completed Projects,None,Sanand,Goyal and Company,,,
Goyal Green Forest,No,Residential Plot,,Upcoming Projects,None,Sanand,Goyal and Company,,,
Shivalik Arcade,No,3 BHK  Apartment,,Ongoing Projects,None,Prahlad Nagar,Shivalik Builders (P) Ltd.,,,
Vyapti Vandemataram City,No,"2, 3 BHK  Apartment",405,Completed Projects,38.90 - 51.97 Lac,Gota,Vyapti Companies,38.9,51.97,45.435
Vyapti Vandemataram Prime,No,"2, 3 BHK  Apartment",160,Completed Projects,None,Gota,Vyapti Companies,,,
Vyapti Vandemataram Icon,No,"2, 3 BHK  Apartment",168,Completed Projects,None,Gota,Vyapti Companies,,,
Goyal Orchid Woods,No,3 BHK  Apartment,96,Completed Projects,80 - 91.29 Lac,Prahlad Nagar,Goyal and Company,80.0,91.29,85.64500000000001
Goyal Green Woods,No,Residential Plot,65,Completed Projects,None,Sanand,Goyal and Company,,,
Goyal Vishal Residency,No,"2, 3 BHK  Apartment",144,Completed Projects,None,Prahlad Nagar,Goyal and Company,,,
Goyal Riviera Blues,No,4 BHK  Apartment,208,Completed Projects,1.65 - 1.76 Cr.,Prahlad Nagar,Goyal and Company,165.0,176.0,170.5
Goyal Orchid Greenfield,No,"2, 3 BHK  Apartment",640,Completed Projects,None,Sardar Patel Ring Rd,Goyal and Company,,,
Goyal Orchid Harmony,No,"3, 4 BHK  Apartment",384,Completed Projects,None,Sardar Patel Ring Rd,Goyal and Company,,,
Goyal Riviera Sky Villas,No,5 BHK  Apartment,,,None,Prahlad Nagar,Goyal and Company,,,
Vyapti Vandemataram Empire,No,"2, 3 BHK  Apartment",230,Completed Projects,None,Vinzol,Vyapti Companies,,,
Parshwanath Metrocity,No,"2, 3, 4 BHK  Apartment",348,Completed Projects,None,Chandkheda,Parshwanath Group of Companies,,,
Kalp Greens,No,Individual Houses,,Ongoing Projects,9.58 - 28.75 Lac,Sanand,The Kent Procon Group,9.58,28.75,19.165
Rivasa,No,Residential Plot,,Ongoing Projects,None,S G Highway,Select Realty,,,
Gini Lake Gardenz,No,3 BHK  Apartment,88,Completed Projects,76.01 - 85.18 Lac,Makarba,Gini Constructions,76.01,85.18,80.595
Khyati Bonito,No,"3, 4 BHK  Apartment",,Ongoing Projects,None,Thaltej,Khyati Realities Limited,,,
Khyati Green Leaves,No,2 BHK  Apartment,36,Completed Projects,None,Thaltej,Khyati Realities Limited,,,
Khyati Vishwaketu II,No,4 BHK  Apartment,40,Completed Projects,None,Bodakdev,Khyati Realities Limited,,,
Khyati Vishwaketu I,No,4 BHK  Apartment,21,Completed Projects,None,Bodakdev,Khyati Realities Limited,,,
Khyati Green Aura,No,2 BHK  Apartment,150,Completed Projects,25.46 - 33.35 Lac,Tragad,Khyati Realities Limited,25.46,33.35,29.405
Khyati Green City,No,1 RK  Apartment,594,Completed Projects,15 Lac,Rakanpur,Khyati Realities Limited,15.0,15.0,15.0
Khyati Kadamb Residency,No,"2, 3 BHK  Apartment",100,Completed Projects,24.59 - 35.59 Lac,Chandkheda,Khyati Realities Limited,24.59,35.59,30.090000000000003
Khyati Krishna 99,No,"1, 2 BHK  Apartment",145,Completed Projects,15.79 - 30.55 Lac,Chandkheda,Khyati Realities Limited,15.79,30.55,23.17
Khyati Greenera,No,2 BHK  Apartment,66,Completed Projects,None,Chandkheda,Khyati Realities Limited,,,
Shree Balaji Agora Residency,No,"2, 3, 4 BHK  Apartment",816,Completed Projects,22.68 - 47.20 Lac,Gandhinagar Road,Shree Balaji Construction,22.68,47.2,34.94
Sankalp Grace,No,4 BHK  Apartment,24,Completed Projects,None,S G Highway,Sankalp Organisers,,,
Sankalp Serenity,No,4 BHK  Apartment,60,Completed Projects,None,Thaltej,Sankalp Organisers,,,
Aagam 999,No,Residential Plot,1600,Completed Projects,7.99 - 39.96 Lac,Mandal,Aagam Group,7.99,39.96,23.975
Amaya 426,No,3 BHK  Apartment,40,Completed Projects,None,Bodakdev,Amaya Properties,,,
Olive Woods,No,Residential Plot,45,Completed Projects,None,Shilaj,Olive Grace,,,
Olive Heights II,No,3 BHK  Apartment,8,Completed Projects,None,Satellite,Olive Grace,,,
Sankalp Sandipani,No,"2, 3 BHK  Apartment",40,Completed Projects,None,Ashram Road,Sankalp Organisers,,,
Aagam 54,No,Residential Plot,54,Completed Projects,None,Nalsarover,Aagam Group,,,
Aagam 45,No,Residential Plot,94,Completed Projects,None,Thol,Aagam Group,,,
Amaya 48K,No,"1, 4 BHK  Apartment",24,Completed Projects,None,Koteshwar,Amaya Properties,,,
Amaya 229,No,3 BHK  Apartment,16,Completed Projects,None,Navrangpura,Amaya Properties,,,
Amaya 142 Parkwest,No,4 BHK  Apartment,6,Completed Projects,None,Bodakdev,Amaya Properties,,,
Amaya 612 Elevate,No,"3, 4 BHK  Apartment",33,Completed Projects,2.30 Cr.,Ambawadi,Amaya Properties,229.99999999999997,229.99999999999997,229.99999999999997
Shree Balaji Green Valley,No,4 BHK  Apartment,48,Completed Projects,5.40 Cr.,Narmada Canal,Shree Balaji Construction,540.0,540.0,540.0
Shree Balaji Heritage Villa,No,5 BHK  Apartment,11,Completed Projects,9 Cr.,Narmada Canal,Shree Balaji Construction,900.0,900.0,900.0
Amaya 78 Gokuldham,Yes,"3, 4 BHK  Apartment",192,Completed Projects,96.72 Lac - 1.65 Cr.,Sanand,Amaya Properties,96.72,165.0,130.86
Shree Balaji Villa,No,4 BHK  Apartment,100,Completed Projects,None,Gandhinagar Highway,Shree Balaji Construction,,,
Sankalp Grace II,Yes,4 BHK  Apartment,57,Completed Projects,None,Ambli,Sankalp Organisers,,,
Adani La Marina,Yes,"4, 5 BHK  Apartment",153,Ongoing Projects,2.01 - 4.15 Cr.,Vaishno Devi Circle,Not known,200.99999999999997,415.00000000000006,308.0
Adani The North Park,No,"4, 5, 6 BHK  Apartment",165,Completed Projects,3.85 - 10.75 Cr.,S G Highway,Adani Realty,385.0,1075.0,730.0
Adani Water Lily,No,"3, 4, 5 BHK  Apartment",1844,Completed Projects,1.06 - 3.50 Cr.,S G Highway,Adani Realty,106.0,350.0,228.0
Adani The Meadows,No,"2, 3 BHK  Apartment",2048,Completed Projects,46 - 95 Lac,S G Highway,Adani Realty,46.0,95.0,70.5
Satyam Skyline,No,"2, 3 BHK  Apartment",176,Completed Projects,1.17 Cr.,Naranpura,Satyam Developers Ltd.,117.0,117.0,117.0
Frutilla,No,Residential Plot,,Ongoing Projects,None,Bagodara,The Kent Procon Group,,,
Satyam Sarjan,No,"1, 2 BHK  Apartment",240,Completed Projects,12.78 - 18.36 Lac,Changodar,Satyam Developers Ltd.,12.78,18.36,15.57
Bsafal Paarijat Eclat,Yes,4 BHK  Apartment,84,Ongoing Projects,None,Ambli,bSafal Vivaan,,,
Bsafal Parisar,No,"2, 3 BHK  Apartment",480,Completed Projects,None,Bopal,bSafal Vivaan,,,
Bsafal Parishkaar II Phase 2,No,"1, 2 BHK  Apartment",560,Completed Projects,None,Maninagar,bSafal Vivaan,,,
Bsafal Parishkaar II,No,2 BHK  Apartment,480,Completed Projects,None,Maninagar,bSafal Vivaan,,,
Bsafal Parishkaar,No,"2, 3 BHK  Apartment",720,Completed Projects,None,Maninagar,bSafal Vivaan,,,
Satyam Satatya Heights,No,3 BHK  Apartment,32,Completed Projects,None,Jodhpur,Satyam Developers Ltd.,,,
Satyam Status,No,"2, 3 BHK  Apartment",95,Completed Projects,61.48 - 90 Lac,Jodhpur,Satyam Developers Ltd.,61.48,90.0,75.74
Bsafal Vivaan,No,"3, 4, 5 BHK  Apartment",148,Completed Projects,None,S G Highway,bSafal Vivaan,,,
BSafal Samprat Residence,No,3 BHK  Apartment,160,Completed Projects,None,Shilaj,bSafal Vivaan,,,
Satyam Sentossa Greenland,No,4 BHK  Apartment,351,Completed Projects,3.55 Cr.,Science City,Satyam Developers Ltd.,355.0,355.0,355.0
Satyam Bunglows,No,"3, 4 BHK  Apartment",,Completed Projects,1.33 - 2 Cr.,Gurukul,Satyam Developers Ltd.,133.0,200.0,166.5
Satyam Crystal,No,3 BHK  Apartment,36,Completed Projects,None,Bodakdev,Satyam Developers Ltd.,,,
City Of Royal Harrittage,No,"1, 2 BHK  Apartment",,Ongoing Projects,None,Dholera,Royal Bharti Infracorp Pvt Ltd,,,
Pushparaj Village,No,Individual Houses,,Ongoing Projects,None,Sanand,Pushparaj Group,,,
Aarohi Crest,No,3 BHK  Apartment,,Ongoing Projects,None,South Bopal,Siddhi Developers,,,
Orchid Elegance,No,"2, 3 BHK  Apartment",,Ongoing Projects,None,Bopal,Goyal and Company,,,
Nishant Ratnaakar Halcyon,Yes,"3, 4 BHK  Apartment",96,Ongoing Projects,1.35 - 1.39 Cr.,Satellite,Ratnaakar Group,135.0,139.0,137.0
Nishant Regency Park,No,3 BHK  Apartment,40,Completed Projects,None,Ellisbridge,Ratnaakar Group,,,
Nishant Rahul,No,3 BHK  Apartment,58,Completed Projects,None,Anand Nagar,Ratnaakar Group,,,
Nishant Ratnaakar III,No,"3, 4 BHK  Apartment",96,Completed Projects,None,Jodhpur,Ratnaakar Group,,,
Nishant Ratnaakar II,No,2 BHK  Apartment,40,Completed Projects,None,Prernatirth Derasar Road,Ratnaakar Group,,,
Nishant Rosewood Estate,No,"2, 3 BHK  Apartment",200,Completed Projects,None,Jodhpur,Ratnaakar Group,,,
Nishant Ratnaakar Atelier,No,3 BHK  Apartment,108,Completed Projects,1.04 Cr.,Prernatirth Derasar Road,Ratnaakar Group,104.0,104.0,104.0
Nishant Ratnakar IV,No,3 BHK  Apartment,78,Completed Projects,None,Anand Nagar,Ratnaakar Group,,,
Nishant Ratnaakar Beaumonde,Yes,"4, 5 BHK  Apartment",70,Completed Projects,None,Prernatirth Derasar Road,Ratnaakar Group,,,
Nishant Retreat,No,3 BHK  Apartment,50,Completed Projects,None,Shyamal Cross Road,Ratnaakar Group,,,
Nishant Regency Towers,No,"3, 4 BHK  Apartment",150,Completed Projects,None,Vastrapur,Ratnaakar Group,,,
Nishant Richmond Grand,Yes,2 BHK  Apartment,336,Completed Projects,None,Vejalpur,Ratnaakar Group,,,
Nishant Ratnaakar I,No,4 BHK  Apartment,40,Completed Projects,None,Ambawadi,Ratnaakar Group,,,
Nishant Ratnaakar Caledonia,No,4 BHK  Apartment,38,Completed Projects,None,Prernatirth Derasar Road,Ratnaakar Group,,,
Soham Dev Parijat,No,3 BHK  Apartment,74,Completed Projects,None,S G Highway,Dev Parisar,,,
Satva IV,No,4 BHK  Apartment,,Ongoing Projects,None,Naroda,JNM Infrastructure,,,
Popular Paradise,No,"2, 4 BHK  Apartment",,Ongoing Projects,None,Gota,Popular Infra Build Pvt. Ltd.,,,
Golden Greens,No,Residential Plot,,Ongoing Projects,None,Nalsarover,Dharmanandan Infrastructure Pvt. Ltd,,,
Domain Height,No,"2, 4 BHK  Apartment",,Ongoing Projects,None,Shyamal Cross Road,Popular Infra Build Pvt. Ltd.,,,
Parshwanath Atlantis Park,No,"1, 2 BHK  Apartment",,Ongoing Projects,30 - 33 Lac,Sughad,Yashvi Construction,30.0,33.0,31.5
Dholera Prime Home,No,Residential Plot,,Ongoing Projects,None,Dholera,Shivgan Infratech LLP,,,
Anmol Green Villa,No,Residential Plot,,Ongoing Projects,None,Dholka,Shivgan Infratech LLP,,,
Business Hub,No,Business Center,,Ongoing Projects,None,Dholka,Shivgan Infratech LLP,,,
Safal Param,No,4 BHK  Apartment,,Ongoing Projects,2.20 Cr.,Satellite,Safal Constructions Pvt Ltd.,220.00000000000003,220.00000000000003,220.00000000000003
Safal Parishkaar 1,No,2 BHK  Apartment,,Ongoing Projects,31 - 33 Lac,Maninagar,Safal Constructions Pvt Ltd.,31.0,33.0,32.0
Golden Acres,No,Flats & Apartments,,Ongoing Projects,None,Dholera,B Kesar Group,,,
Vishal Residency,No,3 BHK  Apartment,,Completed Projects,85 Lac,Satellite,Goyal and Company,85.0,85.0,85.0
Scarlet Heights,No,3 BHK  Apartment,,Ongoing Projects,8.40 Lac,Satellite,Scarlet Infra Projects LLP,8.4,8.4,8.4
Satva Gokul II,No,2 BHK  Apartment,,Ongoing Projects,None,Kathwada,Satva Galaxy Group,,,
Suramya Lifespace,No,Residential Plot,,Ongoing Projects,22 - 30 Lac,Sanand,Synthesis Spacelinks Pvt. Ltd.,22.0,30.0,26.0
SHARNAM COUNTY,No,4 BHK  Apartment,,Ongoing Projects,1.95 - 2 Cr.,Bopal,Kapila Infrastructure,195.0,200.0,197.5
Shlok Parisar,No,2 BHK  Apartment,,Ongoing Projects,34 Lac,Gota,Shafalya Group,34.0,34.0,34.0
Samanvay Residency,No,"3, 4 BHK  Apartment",,Completed Projects,56 - 75 Lac,South Bopal,Civic Organisers,56.0,75.0,65.5
Gala Empire,No,Office Space,,Ongoing Projects,88.80 Lac,Drive In Road,Gala Infrastructure,88.8,88.8,88.8
Gala Glory,No,"2, 3 BHK  Apartment",,Ongoing Projects,None,Bopal,Gala Infrastructure,,,
Gala Celestia,No,2 BHK  Apartment,,Ongoing Projects,None,S G Highway,Gala Infrastructure,,,
Gala Eternia,No,3 BHK  Apartment,,Ongoing Projects,None,Thaltej,Gala Infrastructure,,,
Gala Lotus,No,4 BHK  Apartment,,Ongoing Projects,None,Sanand,Gala Infrastructure,,,
Gala Luxuria,No,"4, 5 BHK  Apartment",,Ongoing Projects,None,Bopal,Gala Infrastructure,,,
Gala Aqua,No,4 BHK  Apartment,,Ongoing Projects,None,Nava Vadaj,Gala Infrastructure,,,
Avirat Silver Gardenia,No,"2, 3 BHK  Apartment",360,Completed Projects,None,Gota,Avirat Infrastructure Pvt Ltd,,,
Safal Summit II,No,3 BHK  Apartment,32,Completed Projects,None,Prahlad Nagar,HN Safal Infra Developers Pvt.Ltd.,,,
Safal Parisar II,No,"2, 3 BHK  Apartment",570,Completed Projects,None,South Bopal,HN Safal Infra Developers Pvt.Ltd.,,,
Vishwanath Sharanam County,No,4 BHK  Apartment,120,Completed Projects,None,South Bopal,Vishwanath Builders,,,
Vishwanath Ishaan 3,No,3 BHK  Apartment,88,Completed Projects,None,Satellite,Vishwanath Builders,,,
Aroma Aakruti Elegance,No,"2, 3 BHK  Apartment",248,Completed Projects,None,Chandkheda,AROMA REALTIES LTD,,,
Avirat Sopan Sharan,No,2 BHK  Apartment,,Completed Projects,None,Chandlodia,Avirat Infrastructure Pvt Ltd,,,
Shree Balaji Wind Park,No,"3, 4, 5, 6, 7 BHK  Apartment",,Ongoing Projects,80 Lac,S G Highway,Shree Balaji Construction,80.0,80.0,80.0
Adani Pratham,No,"1, 2 BHK  Apartment",,Ongoing Projects,20 - 27 Lac,S G Highway,Adani Group,20.0,27.0,23.5
Riviera Harmony,No,4 BHK  Apartment,,Ongoing Projects,16.10 - 16.50 Lac,Prahlad Nagar,Goyal and Company,16.1,16.5,16.3
IndiaBulls Centrum,No,"1, 2 BHK  Apartment",,Ongoing Projects,None,Saraspur,Indiabulls Real Estate Limited,,,
Gala Villa Aqua,No,4 BHK  Apartment,,Ongoing Projects,2.18 - 3.31 Cr.,Sanathal,Gala Group,218.00000000000003,331.0,274.5
Aakash Residency,No,1 BHK  Apartment,,Ongoing Projects,18 - 23 Lac,Shela,HN SAFAL REALTY PVT LTD,18.0,23.0,20.5
IndiaBulls Vatika,No,"1, 2 BHK  Apartment",,Ongoing Projects,None,Shahibaug,Indiabulls Real Estate Limited,,,
Garden residency 3,No,"2, 3 BHK  Apartment",,Ongoing Projects,45 - 75 Lac,South Bopal,Shaligram Buildcon Pvt. Ltd.,45.0,75.0,60.0
Sundarvan Epitome,No,"4, 6 BHK  Apartment",,Ongoing Projects,31 - 36.20 Lac,Satellite,Ganesh Corporate House,31.0,36.2,33.6
Gala Haven Apartment,No,"2, 3 BHK  Apartment",,Ongoing Projects,35 - 70 Lac,S G Highway,Gala Group,35.0,70.0,52.5
Sangath Terraces,No,3 BHK  Apartment,,Ongoing Projects,65.89 - 79.52 Lac,S G Highway,Sangath IPL,65.89,79.52,72.705
Sapphire Swapneel Elysium,No,2 BHK  Apartment,,Ongoing Projects,51 Lac,South Bopal,Sapphire Construction,51.0,51.0,51.0
Swagat Afford,No,2 BHK  Apartment,,Ongoing Projects,40 Lac,S G Highway,Swagat Infra P Ltd,40.0,40.0,40.0
Safal Parisar 2,No,"2, 3 BHK  Apartment",,Ongoing Projects,52 - 90 Lac,Bopal,HN SAFAL REALTY PVT LTD,52.0,90.0,71.0
Parshwanath Divine,No,"2, 3 BHK  Apartment",,Ongoing Projects,None,Sughad,Parshwanath Group of Companies,,,
Magnanimous Greenz,No,Residential Plot,,Ongoing Projects,None,Dholera,Magnanimous Infrastructure Pvt Ltd,,,
Nilaya,No,3 BHK  Apartment,,Ongoing Projects,None,Chimanlal Girdharlal Road,Sheth Buildhome LLP,,,
Savvy Swaraaj Sports Living,No,"2, 3 BHK  Apartment",,Ongoing Projects,56 Lac,S G Highway,Savvy Infrastructures Ltd,56.0,56.0,56.0
Swagat Blossom,No,2 BHK  Apartment,,Ongoing Projects,23.66 - 31.63 Lac,S G Highway,Swagat Infrastructure Ltd,23.66,31.63,27.645
Sangath Posh,No,"3, 4 BHK  Apartment",,Ongoing Projects,10.80 - 86 Lac,Chandkheda,Sangath IPL,10.8,86.0,48.4
Sangath Pure,No,"1, 2 BHK  Apartment",,Ongoing Projects,37 - 42 Lac,Chandkheda,Sangath IPL,37.0,42.0,39.5
Abhishree Orchard,No,"1, 2, 3 BHK  Apartment",,Ongoing Projects,None,S G Highway,Sarthav Group,,,
The Otherside,No,"2, 4, 5 BHK  Apartment",,Ongoing Projects,95 Lac,Sanand,Shantikrupa Estates PVT LTD,95.0,95.0,95.0
Gala Marvella,No,4 BHK  Apartment,,Ongoing Projects,82 Lac - 1.02 Cr.,South Bopal,Gala Infrastructure,82.0,102.0,92.0
Paarijat Eclate,No,4 BHK  Apartment,,Ongoing Projects,28.70 Lac,S G Highway,Safal Constructions Pvt Ltd.,28.7,28.7,28.7
Magnanimous Greenz 3,No,Residential Plot,,Ongoing Projects,4 Lac,Dholera,Magnanimous Infrastructure Pvt. Ltd,4.0,4.0,4.0
Adani Shantigram Waterlily,No,"3, 4 BHK  Apartment",,Ongoing Projects,1.06 - 3.50 Cr.,S G Highway,Adani Group,106.0,350.0,228.0
Suryam Repose,No,"1, 2 BHK  Apartment",,Ongoing Projects,None,Sanand,Suryam Group of Companies,,,
Himalaya Elanza,No,"2, 3 BHK  Apartment",,Ongoing Projects,None,Ashram Road,Himalaya Buildcon P Ltd,,,
Swagat Flamingo,No,2 BHK  Apartment,,Ongoing Projects,47 Lac,Gandhinagar Highway,Swagat Infra P Ltd,47.0,47.0,47.0
Sentossa Neemland,No,4 BHK  Apartment,,Ongoing Projects,1.80 Cr.,S P Ring Road,Satyam Developers Ltd.,180.0,180.0,180.0
Arvind Flamingo,No,6 BHK  Apartment,13,Completed Projects,None,Shilaj,Arvind Smartspaces,,,
Arvind Dove,No,4 BHK  Apartment,69,Completed Projects,1.86 - 2 Cr.,Shilaj,Arvind Smartspaces,186.0,200.0,193.0
Arvind Ibis,No,5 BHK  Apartment,66,Completed Projects,2.69 - 2.96 Cr.,Shilaj,Arvind Smartspaces,269.0,296.0,282.5
Arvind Pelican,No,5 BHK  Apartment,16,Completed Projects,3.61 Cr.,Shilaj,Arvind Smartspaces,361.0,361.0,361.0
Arvind Sparrow,No,4 BHK  Apartment,112,Completed Projects,1.36 Cr.,Shilaj,Arvind Smartspaces,136.0,136.0,136.0
Aaryan Gloria,No,"2, 3 BHK  Apartment",,Ongoing Projects,38 - 43 Lac,South Bopal,Aaryan Builders,38.0,43.0,40.5
Garden Homes,No,4 BHK  Apartment,,Ongoing Projects,12.70 Lac,Bopal,Shaligram group,12.7,12.7,12.7
Arti Greens,No,"1, 2 BHK  Apartment",,Ongoing Projects,None,Sanand,Arti Procon LLP,,,
Safal Sameep,No,2 BHK  Apartment,,Ongoing Projects,50 - 53 Lac,South Bopal,Bsafal Constructions,50.0,53.0,51.5
Sangath Pylon,No,3 BHK  Apartment,,Ongoing Projects,58 Lac,Koteshwar,Sangath IPL,58.0,58.0,58.0
Aaryan Pride,No,2 BHK  Apartment,,Ongoing Projects,36 Lac,Gota,Aaryan Builders,36.0,36.0,36.0
Sanskrut Jewel Residency,No,"4, 6 BHK  Apartment",,Ongoing Projects,23.10 - 65.30 Lac,Ambli,The Sanskrut Group,23.1,65.3,44.2
Savvy Strata,No,"1, 2 BHK  Apartment",,Ongoing Projects,None,S G Highway,Savvy Infrastructure Pvt. Ltd.,,,
Siddhivinayak Elegance,No,"4, 5 BHK  Apartment",,Ongoing Projects,None,Sardar Patel Ring Rd,Vijay buildcon,,,
Roop Villa,No,"1, 3 BHK  Apartment",,Ongoing Projects,11 - 52 Lac,Vatva,Charoliya Brothers,11.0,52.0,31.5
Applewoods Orchid Harmony,No,"2, 3, 4 BHK  Apartment",,Ongoing Projects,62 - 66 Lac,South Bopal,Sangath IPL,62.0,66.0,64.0
Krupal The Freedom City,No,Residential Plot,,Ongoing Projects,None,Bagodara,Narayankrupa Infra,,,
Reflections,No,"2, 3, 4 BHK  Apartment",,Ongoing Projects,42 - 90 Lac,Vaishno Devi Circle,Not known,42.0,90.0,66.0
Malabar County II,No,3 BHK  Apartment,,Ongoing Projects,40 - 45 Lac,S G Highway,Ganesh Housing Corporation Limited,40.0,45.0,42.5
World Trade Center Gift City,No,Business Center,,Ongoing Projects,82 Lac,Gandhinagar Highway,Viridian Red,82.0,82.0,82.0
Shri Balaji Enclave,No,2 BHK  Apartment,,Ongoing Projects,21 - 25 Lac,Naroda,Shri Balaji Developers,21.0,25.0,23.0
Vraj Bhoomi,No,"3, 4 BHK  Apartment",,Ongoing Projects,57 - 78 Lac,Vatva,Sangani Infrastructure India Pvt. Ltd.,57.0,78.0,67.5
Shree Kunj,No,3 BHK  Apartment,,Ongoing Projects,10.50 Lac,Satellite,Nidhi Creators,10.5,10.5,10.5
Takshashila Air,No,3 BHK  Apartment,,Ongoing Projects,None,Ellisbridge,Takshashila,,,
Shashwat Greens,No,Residential Plot,,Ongoing Projects,None,S G Highway,DB Infrastrures pvt. ltd.,,,
Shyam sundar Residency,No,"1, 2 BHK  Apartment",,Ongoing Projects,None,Nandej,ADP Buildcon Associates,,,
Aarohi Agha,No,"3, 4 BHK  Apartment",,Ongoing Projects,12.20 - 22.60 Lac,S G Highway,Siddhi Group,12.2,22.6,17.4
Gala Gardenia,No,"3, 4 BHK  Apartment",,Ongoing Projects,71 Lac,Bopal,Gala Infrastructure,71.0,71.0,71.0
Vishwanath Sopan,No,"2, 3 BHK  Apartment",,Ongoing Projects,38 Lac,Sardar Patel Ring Road,Kapila Infrastructure,38.0,38.0,38.0
Gala Laxuria,No,4 BHK  Apartment,,Ongoing Projects,13.30 Lac,S G Highway,Gala Group,13.3,13.3,13.3
Orchid Heights,No,"3, 4 BHK  Apartment",,Ongoing Projects,47 - 59 Lac,Sardar Patel Ring Rd,HN SAFAL REALTY PVT LTD,47.0,59.0,53.0
Shivalik Paradise,No,4 BHK  Apartment,,Ongoing Projects,26 - 26.50 Lac,Ambawadi,SN Developers,26.0,26.5,26.25
Rose and Crowns,No,1 BHK  Apartment,,Ongoing Projects,None,Dholka,Royal Infrastructure,,,
Shubh Aashish,No,3 BHK  Apartment,,Ongoing Projects,None,Paldi,Aditya Property,,,
Dynasty,No,Office Space,,Ongoing Projects,None,Navrangpura,D and C Developers Pvt Ltd,,,
Friendville Lifestyle,No,4 BHK  Apartment,,Ongoing Projects,None,C. G. Road,Friends Infrabuild Pvt Ltd,,,
Kala Square,No,4 BHK  Apartment,,Ongoing Projects,None,Paldi,Kala Projects Pvt Ltd,,,
Aastha Greens,No,3 BHK  Apartment,,Ongoing Projects,42 Lac,Maninagar,B N Project Pvt.Ltd.,42.0,42.0,42.0
Venus Parkland,No,"2, 3 BHK  Apartment",,Ongoing Projects,37 - 66.93 Lac,Vejalpur,Dharmadev Infrastructure Ltd.,37.0,66.93,51.965
Kunvarji Amour,No,3 BHK  Apartment,,Ongoing Projects,None,Ambawadi,Kunvarji Group,,,
Rivera Antilia,No,4 BHK  Apartment,,Ongoing Projects,41.50 Lac,Prahlad Nagar,Saumya Construction Pvt. Ltd.,41.5,41.5,41.5
Green Acres,No,3 BHK  Apartment,,Ongoing Projects,82 Lac - 1.35 Cr.,Prahlad Nagar,Pacifica Companies,82.0,135.0,108.5
Ratnakar - 3,No,4 BHK  Apartment,,Ongoing Projects,2.22 Cr.,Satellite,Ganesh Housing Corporation Limited,222.00000000000003,222.00000000000003,222.00000000000003
Applewoods Sorrel,No,"2, 3, 4 BHK  Apartment",,Ongoing Projects,39 - 91 Lac,Sardar Patel Ring Rd,Applewoods Estate Private Limited,39.0,91.0,65.0
Madhav orchid,No,"2, 3 BHK  Apartment",,Ongoing Projects,17 - 24 Lac,Odhav,madhav group,17.0,24.0,20.5
Suramya Abode,No,Residential Plot,,Ongoing Projects,None,Sanand Nalsarovar Road,Synthesis Spacelinks Pvt. Ltd.,,,
Cloud 9,No,"3, 4 BHK  Apartment",,Ongoing Projects,1.10 - 1.64 Cr.,Nehru Nagar,Addor Realty Pvt Ltd.,110.00000000000001,164.0,137.0
Yash Arian,No,"2, 3 BHK  Apartment",,Ongoing Projects,94 Lac,Gurukul,YASH GROUP OF COMPANIES,94.0,94.0,94.0
Satyamev Vista,No,"2, 3 BHK  Apartment",,Ongoing Projects,48 Lac,S G Highway,Tithi Developers,48.0,48.0,48.0
Orchid Divine,No,3 BHK  Apartment,,Ongoing Projects,40 - 42 Lac,South Bopal,HN SAFAL REALTY PVT LTD,40.0,42.0,41.0
Savvy Solaris,No,"2, 3 BHK  Apartment",,Ongoing Projects,40 - 58 Lac,Motera,Saumya Construction Pvt. Ltd.,40.0,58.0,49.0
Neelkanth Elegance,No,2 BHK  Apartment,,Ongoing Projects,55.01 - 56.90 Lac,Satellite,Dharmadev Infrastructure Ltd.,55.01,56.9,55.955
Binori Solitaire,No,3 BHK  Apartment,,Ongoing Projects,71 Lac,South Bopal,Binori Infrastructure Pvt. Ltd.,71.0,71.0,71.0
Gala Aria,No,"2, 3 BHK  Apartment",,Ongoing Projects,36 - 68 Lac,South Bopal,Gala Infrastructure,36.0,68.0,52.0
Siddhi Aarohi Crest,No,3 BHK  Apartment,,Ongoing Projects,65 Lac,South Bopal,Siddhi Developers,65.0,65.0,65.0
Sepal Exotica,No,3 BHK  Apartment,,Ongoing Projects,90 Lac,Thaltej,Siddhi Developers,90.0,90.0,90.0
Straft Luxuria,No,"1, 3 BHK  Apartment",,Ongoing Projects,None,Navrangpura,AKG,,,
Neelkanth Orchid,No,2 BHK  Apartment,,Ongoing Projects,35 Lac,Bopal,Dharmadev Infrastructure Ltd.,35.0,35.0,35.0
Sankalp Sapphire,No,4 BHK  Apartment,,Ongoing Projects,2.40 Cr.,Prahlad Nagar,Sankalp Organisers,240.0,240.0,240.0
Shree Vishnudhara Homes,No,2 BHK  Apartment,,Ongoing Projects,None,Gota,Art Nirman Pvt Ltd,,,
Shyam Serenity,No,3 BHK  Apartment,,Ongoing Projects,None,Motera,Shyam Developer,,,
Prathna Lavish,No,"1, 2 BHK  Apartment",,Ongoing Projects,None,Gota,Prathna Buildcon Pvt Ltd,,,
Ganesh Maple County,No,3 BHK  Apartment,,Ongoing Projects,85 - 90 Lac,Thaltej,Ganesh Housing Corporation Limited,85.0,90.0,87.5
Shaligram Coral,No,3 BHK  Apartment,,Ongoing Projects,23 Lac,Thaltej,Shaligram Buildcon Pvt. Ltd.,23.0,23.0,23.0
The Meadows,No,"3, 4 BHK  Apartment",,Ongoing Projects,1.06 Cr.,Sanathal,Pacifica Companies,106.0,106.0,106.0
Swaminarayan Park 2,No,2 BHK  Apartment,,Ongoing Projects,34 Lac,Vasna,Dharmadev Infrastructure Ltd.,34.0,34.0,34.0
Maher Homes,No,2 BHK  Apartment,,Ongoing Projects,38 Lac,Shela,Vishwanath Realtor,38.0,38.0,38.0
Nisarg Dreams,No,2 BHK  Apartment,,Ongoing Projects,30 Lac,Shilaj,Krish Developers,30.0,30.0,30.0
Unique Ashiyana,No,1 BHK  Apartment,,Ongoing Projects,24 Lac,Gota,Unique Infra Space,24.0,24.0,24.0
Prathana Elegance,No,"1, 2 BHK  Apartment",,Ongoing Projects,None,Gota,Prathana Buildcon Pvt Ltd,,,
Pacifica Green Acres,No,3 BHK  Apartment,,Ongoing Projects,85 - 90 Lac,Prahlad Nagar,Pacifica Companies,85.0,90.0,87.5
Aarohi Crest,No,3 BHK  Apartment,,Ongoing Projects,61 Lac,Bopal,Siddhi Developers,61.0,61.0,61.0
Maruti Renesa,No,"3, 4 BHK  Apartment",,Ongoing Projects,None,Ambawadi,Maruti Group,,,
Galaxy Homes,No,1 BHK  Apartment,,Ongoing Projects,None,Kathwada,Galaxy Group,,,
Aagam 99 Residency,No,"1, 2 BHK  Apartment",,Ongoing Projects,None,Sanand,Aagam Group,,,
Arvind Citadel,No,"2, 3, 4 BHK  Apartment",,Ongoing Projects,None,Chimanlal Girdharlal Road,Arvind Infrastructure Ltd.,,,
Ganesh Genesis,No,"2, 3 BHK  Apartment",,Ongoing Projects,30 - 53 Lac,S G Highway,Shree Siddhi Group,30.0,53.0,41.5
Anand Square,No,2 BHK  Apartment,,Ongoing Projects,None,Tragad,B Desai Group,,,
Sankalp Grace2,No,4 BHK  Apartment,,Ongoing Projects,1.89 Cr.,Bopal,Sankalp Organisers,189.0,189.0,189.0
Ora Bella,No,3 BHK  Apartment,,Ongoing Projects,65 Lac,Thaltej,Soniz Group,65.0,65.0,65.0
Vandematram Fabula,No,"2, 3 BHK  Apartment",,Ongoing Projects,33 - 40 Lac,S G Highway,Vyapti Companies,33.0,40.0,36.5
Aantarkshitij,No,Residential Plot,,Ongoing Projects,None,Shilaj,Saumya Construction Pvt. Ltd.,,,
Shivalik Residences,No,"4, 5 BHK  Apartment",,Ongoing Projects,3.15 - 3.85 Cr.,Shahibaug,Shivalik Projects,315.0,385.0,350.0
Shivalik Lakeview,No,4 BHK  Apartment,,Ongoing Projects,1.25 - 1.43 Cr.,Maninagar,Shivalik Projects,125.0,143.0,134.0
Vandemataram Crosswind,No,"2, 3 BHK  Apartment",,Ongoing Projects,None,Gota,Vyapti Infrabuild Pvt. Ltd.,,,
Indraprasth Kadamb,No,4 BHK  Apartment,,Ongoing Projects,2.20 Cr.,Prahlad Nagar,Deep Group Of Companies,220.00000000000003,220.00000000000003,220.00000000000003
Satyam Insignia,No,"3, 4 BHK  Apartment",,Ongoing Projects,1.79 - 2.41 Cr.,Satellite,Satyam Developers Ltd.,179.0,241.0,210.0
Riviera Blues,No,4 BHK  Apartment,,Ongoing Projects,1.46 Cr.,Prahlad Nagar,Goyal and Company,146.0,146.0,146.0
Sorrel Apartments,No,"2, 3, 4 BHK  Apartment",,Ongoing Projects,62 Lac,Bopal,Applewoods Estate Pvt. Ltd.,62.0,62.0,62.0
Dev Aurum,No,"2, 3, 4 BHK  Apartment",,Ongoing Projects,1.06 - 1.50 Cr.,Prahlad Nagar,DEV Group,106.0,150.0,128.0
Maple County II,No,3 BHK  Apartment,,Ongoing Projects,85 Lac,Thaltej,Ganesh Housing Corporation Limited,85.0,85.0,85.0
Nilkanth Greens,No,"1, 2 BHK  Apartment",,Ongoing Projects,None,Vastral,Neelkanth Group,,,
Adani Aangan,No,"1, 2, 3 BHK  Apartment",,Ongoing Projects,19 - 22 Lac,S G Highway,Adani Group,19.0,22.0,20.5
Adani Elysium,No,2 BHK  Apartment,,Ongoing Projects,35 Lac,S G Highway,Adani Group,35.0,35.0,35.0
Project Dev 181,No,3 BHK  Apartment,,Ongoing Projects,60 Lac,Bopal,DEV Group,60.0,60.0,60.0
Gala Aura,No,"3, 4 BHK  Apartment",,Ongoing Projects,95 Lac - 1.12 Cr.,Bopal,Gala Group,95.0,112.00000000000001,103.5
Palm Meadows,No,"2, 3 BHK  Apartment",,Ongoing Projects,40 Lac,S G Highway,Poddar Group,40.0,40.0,40.0
Shreekunj Highend Apartments,No,2 BHK  Apartment,,Ongoing Projects,None,Satellite,Nidhi Creators,,,
Sandesh Shashwat Residency,No,"2, 3, 4 BHK  Apartment",,Ongoing Projects,None,S G Highway,Adani Group,,,
Vedant Kadam,No,3 BHK  Apartment,,Ongoing Projects,None,Science City,V Square Projects,,,
Shanti Shukra,No,1 BHK  Apartment,,Ongoing Projects,None,Narolgam,Shukra Group,,,
Glade One,No,"1, 2, 3, 4 BHK  Apartment",,Ongoing Projects,1.62 - 2.84 Cr.,Sanand,Bsafal Constructions,162.0,284.0,223.0
Arise Western,No,3 BHK  Apartment,,Ongoing Projects,None,S G Highway,Arise Group,,,
Arise Icon,No,"2, 3 BHK  Apartment",,Ongoing Projects,None,S G Highway,Arise Group,,,
Arise Pride,No,3 BHK  Apartment,,Ongoing Projects,None,S G Highway,Arise Group,,,
Leela Palak,No,3 BHK  Apartment,,Ongoing Projects,1.26 Cr.,S G Highway,Leela Buildcon,126.0,126.0,126.0
Shree Vishnudhara Crossroad,No,"1, 2, 3 BHK  Apartment",,Ongoing Projects,44 Lac,Gota,Art Nirman Pvt Ltd,44.0,44.0,44.0
Rajyash Richmond,No,5 BHK  Apartment,,Ongoing Projects,3.24 - 3.38 Cr.,Bodakdev,Rajyash Group,324.0,338.0,331.0
Reevanta,No,2 BHK  Apartment,,Ongoing Projects,27 Lac,Vasna,Rajyash Group,27.0,27.0,27.0
Aditya Heavens,No,3 BHK  Apartment,,Ongoing Projects,None,Chandkheda,Acme infrastructures,,,
Merlin Opal,No,3 BHK  Apartment,,Ongoing Projects,1.25 Cr.,C. G. Road,Merlin projects Ltd,125.0,125.0,125.0
Sun South Park,No,3 BHK  Apartment,,Ongoing Projects,35 Lac,South Bopal,Sun Builders,35.0,35.0,35.0
Zodiac Aarish,No,"3, 4 BHK  Apartment",,Ongoing Projects,1.15 Cr.,Jodhpur,Zodiac Developers,114.99999999999999,114.99999999999999,114.99999999999999
Indraprasth 5,No,3 BHK  Apartment,,Completed Projects,12 Lac,Prahlad Nagar,Pacifica Companies,12.0,12.0,12.0
Ganesh Housing Maple Country,No,3 BHK  Apartment,,Ongoing Projects,90 Lac,Thaltej,Ganesh Housing Corporation Limited,90.0,90.0,90.0
Laxmi Nivas,No,1 BHK  Apartment,,Completed Projects,13 Lac,Narolgam,Saumya Construction Pvt. Ltd.,13.0,13.0,13.0
Palak Elina,No,5 BHK  Apartment,,Ongoing Projects,3.50 Cr.,Ambli,Shree Developers,350.0,350.0,350.0
Shaligram Plush,No,"4, 5 BHK  Apartment",,Ongoing Projects,1.36 Cr.,Thaltej,Shaligram group,136.0,136.0,136.0
Orchid Green Field,No,"2, 3 BHK  Apartment",,Ongoing Projects,31 - 48 Lac,Sardar Patel Ring Road,Saumya Construction Pvt. Ltd.,31.0,48.0,39.5
Sureel Sureel 1,No,3 BHK  Apartment,140,Completed Projects,None,Bopal,Sureel Group,,,
Western Park,No,2 BHK  Apartment,,Ongoing Projects,None,Juhapura,Adani Group,,,
Arohi Elegance,No,3 BHK  Apartment,,Ongoing Projects,58 - 80 Lac,South Bopal,Siddhi Developers,58.0,80.0,69.0
Jaldeep Vertex,No,4 BHK  Apartment,,Ongoing Projects,16.40 Lac,Ambli,Maruti Group,16.4,16.4,16.4
Sureel Supan Premia,No,3 BHK  Apartment,4,Completed Projects,None,Mithakhali,Sureel Group,,,
Sureel Sureel 3,No,3 BHK  Apartment,36,Completed Projects,None,Jodhpur,Sureel Group,,,
Royal Orchid,No,3 BHK  Apartment,,Completed Projects,1 - 1.10 Cr.,Prahlad Nagar,Goyal and Company,100.0,110.00000000000001,105.0
Ratnakar Beaumonde,No,"3, 4, 5 BHK  Apartment",,Ongoing Projects,2.50 - 3 Cr.,Satellite,Nishant Construction Pvt. Ltd.,250.0,300.0,275.0
Ajmera Enigma,No,"3, 4 BHK  Apartment",,Ongoing Projects,94 Lac - 1.64 Cr.,S G Highway,DEV Group,94.0,164.0,129.0
Ishaan 2,No,3 BHK  Apartment,,Ongoing Projects,1.05 Cr.,Satellite,Vishwanath Realtor,105.0,105.0,105.0
Venus Ivy,No,3 BHK  Apartment,,Completed Projects,1.67 Cr.,Satellite,Venus Infrastructure and Developers Limited,167.0,167.0,167.0
Pushti Heights,No,Business Center,,Ongoing Projects,None,Memnagar,Pushti Group,,,
Savvy Swaraj,No,3 BHK  Apartment,,Ongoing Projects,50 Lac,S G Highway,Ganesh Housing Corporation Limited,50.0,50.0,50.0
Setu Scarlet,No,3 BHK  Apartment,,Ongoing Projects,None,Motera,Yashvi Construction,,,
Shafalya Vertis,Yes,"3, 4 BHK  Apartment",204,Completed Projects,1.54 Cr.,Thaltej,Shafalya Group,154.0,154.0,154.0
Shafalya Aurum Sky,No,"2, 3 BHK  Apartment",258,Completed Projects,None,Sola,Shafalya Group,,,
Raison Naiya Paradise,No,2 BHK  Apartment,170,Completed Projects,18.90 Lac,Vastral,Raison Infracon,18.9,18.9,18.9
Purohit Sopan Life Style,No,3 BHK  Apartment,10,Completed Projects,None,Jodhpur,Purohit Construction Ltd,,,
Raison Naiya 1,No,"1, 2 BHK  Apartment",107,Completed Projects,None,Sardar Patel Ring Rd,Raison Infracon,,,
Raison Naiya Apartment,No,"1, 2 BHK  Apartment",445,Completed Projects,None,Sardar Patel Ring Rd,Raison Infracon,,,
Raison Casa Elite,Yes,"2, 3, 4 BHK  Apartment",148,Completed Projects,43.79 - 91.63 Lac,S G Highway,Raison Infracon,43.79,91.63,67.71
Orchard Godrej Garden City,No,"2, 3 BHK  Apartment",,Ongoing Projects,37 - 57 Lac,S G Highway,Godrej Properties Limited,37.0,57.0,47.0
Riviera Exotica,No,"4, 5 BHK  Apartment",,Completed Projects,25.20 Lac,Vastrapur,Goyal and Company,25.2,25.2,25.2
Purohit Sopan Sagar,No,2 BHK  Apartment,120,Completed Projects,None,Paldi,Purohit Construction Ltd,,,
Unique Aashiyana,Yes,"2, 3 BHK  Apartment",336,Completed Projects,35.37 - 66 Lac,Gota,Unique Infraspace,35.37,66.0,50.685
Unique Essenza,No,"2, 3 BHK  Apartment",80,Completed Projects,None,Sola,Unique Infraspace,,,
Unique Lake Square,No,"2, 3 BHK  Apartment",50,Completed Projects,46.66 - 64.05 Lac,S G Highway,Unique Infraspace,46.66,64.05,55.355
PSY Pramukh Exotica,No,2 BHK  Apartment,64,Completed Projects,None,Gandhinagar Highway,PSY Projects,,,
KP Residency,No,"1 RK  / 1, 2 BHK  Apartment",,Ongoing Projects,None,Nikol,KP Sanghvi Group,,,
KP Heights,No,"2, 3 BHK  Apartment",,Ongoing Projects,None,Odhav,KP Sanghvi Group,,,
KP Courtyard,No,"2, 3 BHK  Apartment",,Ongoing Projects,None,Sanathal,KP Sanghvi Group,,,
KP Villas,No,"4, 5 BHK  Apartment",,Ongoing Projects,None,Sanathal,KP Sanghvi Group,,,
KP Samay,No,4 BHK  Apartment,,Ongoing Projects,None,Nikol,KP Sanghvi Group,,,
Orchid Greenfields,No,"2, 3 BHK  Apartment",,Completed Projects,30 - 47 Lac,Shela,Goyal and Company,30.0,47.0,38.5
Godrej Garden City Carmel Tower,No,"1, 2, 3 BHK  Apartment",,Completed Projects,21 - 77.38 Lac,S G Highway,Godrej Properties Limited,21.0,77.38,49.19
Sukrut Repose,No,3 BHK  Apartment,,Ongoing Projects,None,Ambli,Ess Gee Sukrut Pvt. Ltd.,,,
Indraprasth 9,No,"2, 3 BHK  Apartment",,Ongoing Projects,None,Ranip,Deep Group Of Companies,,,
Satyadeep Heights,No,"2, 3 BHK  Apartment",,Ongoing Projects,75 Lac,Makarba,Deep Group Of Companies,75.0,75.0,75.0
Mondeal Heights,No,Office Space,,Ongoing Projects,65 Lac,S G Highway,HN SAFAL REALTY PVT LTD,65.0,65.0,65.0
Samprat Residency,No,3 BHK  Apartment,,Ongoing Projects,43 - 49 Lac,Shilaj,Bsafal Constructions,43.0,49.0,46.0
Indraprasth 10,No,4 BHK  Apartment,,Ongoing Projects,None,Bodakdev,Deep Group Of Companies,,,
Al Burooj,No,"2, 3 BHK  Apartment",,Ongoing Projects,None,Makarba,Deep Group Of Companies,,,
Indraprasth 8 Frangipani,No,"2, 3 BHK  Apartment",,Ongoing Projects,None,Thaltej,Deep Group Of Companies,,,
Indraprasth Drive In,No,2 BHK  Apartment,,Completed Projects,42 Lac,Drive In Road,Deep Group Of Companies,42.0,42.0,42.0
SUMEL 8,No,Office Space,,Ongoing Projects,None,Rakhial,HN SAFAL REALTY PVT LTD,,,
Silver Casa,No,2 BHK  Apartment,,Ongoing Projects,None,Thaltej,Avirat Infrastructure Pvt Ltd,,,
Silver Gardenia,No,"2, 4 BHK  Apartment",,Ongoing Projects,None,Gota,Avirat Infrastructure Pvt Ltd,,,
Silveraltezza,No,3 BHK  Apartment,,Ongoing Projects,None,Sola,Avirat Infrastructure Pvt Ltd,,,
Silver Radiance,No,Business Center,,Ongoing Projects,None,Bodakdev,Avirat Infrastructure Pvt Ltd,,,
Silver Star Heights,No,2 BHK  Apartment,,Completed Projects,33 Lac,Chandlodia,Avirat Infrastructure Pvt Ltd,33.0,33.0,33.0
JBR Ayodhya Apartment,No,"1, 2, 3 BHK  Apartment",360,Completed Projects,13.12 - 18.28 Lac,Vatva,JBR Nirmaan Pvt. Ltd.,13.12,18.28,15.7
JBR Residency,No,"2, 3 BHK  Apartment",84,Completed Projects,None,Sola,JBR Nirmaan Pvt. Ltd.,,,
JBR 100 Acres,No,Residential Plot,272,Completed Projects,18.99 Lac - 1.13 Cr.,Nalsarover,JBR Nirmaan Pvt. Ltd.,18.99,112.99999999999999,65.99499999999999
Safal Parisar 1,No,"2, 3 BHK  Apartment",,Ongoing Projects,45 - 52 Lac,South Bopal,HN SAFAL REALTY PVT LTD,45.0,52.0,48.5
Maple Tree Garden Homes,No,"3, 4 BHK  Apartment",,Ongoing Projects,12.60 - 23.50 Lac,Thaltej,Ganesh Housing Corporation Limited,12.6,23.5,18.05
Asmaakam,No,2 BHK  Apartment,,Completed Projects,32 - 37 Lac,Vejalpur,Nila Infrastructure Ltd,32.0,37.0,34.5
Heritage Opus,No,4 BHK  Apartment,,Ongoing Projects,23.50 Lac,Prahlad Nagar,Adi - Heritage Group,23.5,23.5,23.5
JMPC Meadows,No,Residential Plot,,Ongoing Projects,4.32 Lac,Dholera,JMPC Builtline,4.32,4.32,4.32
Bhagirath Lake City,No,"1, 2, 3, 4 BHK  Apartment",,Ongoing Projects,None,Sanand,Bhagirath Group of Builders and Promoters,,,
Dholera 955,No,Residential Plot,,Ongoing Projects,71.14 Lac - 1.42 Cr.,Dholera,JMPC Builtline,71.14,142.0,106.57
Vibraant 839,No,Residential Plot,,Ongoing Projects,None,Dholera,JMPC Builtline,,,
Aditya Park,No,Residential Plot,,Ongoing Projects,None,Dholera,Jivandeep Infrastructure,,,
Abhay Smart City,No,Residential Plot,,Ongoing Projects,None,Dholera,INJP Buildline,,,
Green City,No,2 BHK  Apartment,,Ongoing Projects,36 Lac,Nirnay Nagar,Khyati Realities Limited,36.0,36.0,36.0
Vishal Tower,No,3 BHK  Apartment,120,Completed Projects,77.76 Lac,Prahlad Nagar,Goyal and Company,77.76,77.76,77.76
Kamnath Sepal Exotica,No,3 BHK  Apartment,60,Completed Projects,None,Thaltej,Kamnath Infrasructure Pvt. Ltd.,,,
Kamnath Sepal Residency,No,4 BHK  Apartment,56,Completed Projects,None,Satellite,Kamnath Infrasructure Pvt. Ltd.,,,
Kamnath Sepal Garnet,No,4 BHK  Apartment,40,Completed Projects,None,Prahlad Nagar,Kamnath Infrasructure Pvt. Ltd.,,,
Kamnath Bansari Apartment,No,3 BHK  Apartment,15,Completed Projects,None,Satellite,Kamnath Infrasructure Pvt. Ltd.,,,
Himalaya Pearl,No,"2, 3 BHK  Apartment",88,Completed Projects,41.27 - 41.91 Lac,Motera,Himalaya Buildcon P Ltd,41.27,41.91,41.59
Himalaya Zircon,No,"2, 3 BHK  Apartment",300,Completed Projects,28 - 33.60 Lac,Motera,Himalaya Buildcon P Ltd,28.0,33.6,30.8
Himalaya Calista,No,3 BHK  Apartment,20,Completed Projects,None,Paldi,Himalaya Buildcon P Ltd,,,
Himalaya Oasis,No,"3, 4 BHK  Apartment",10,Completed Projects,None,Jodhpur,Himalaya Buildcon P Ltd,,,
Kamnath Sepal Solitaire,No,4 BHK  Apartment,16,Completed Projects,None,Jodhpur,Kamnath Infrasructure Pvt. Ltd.,,,
Balleshwar Bungalow,No,3 BHK  Apartment,55,Completed Projects,None,Bopal,Balleshwar Builders,,,
Bhagirath Serenity,No,3 BHK  Apartment,,Completed Projects,46.07 - 50.16 Lac,Lambha,Bhagirath Group of Builders and Promoters,46.07,50.16,48.114999999999995
Venus Parkheights,Yes,2 BHK  Apartment,100,Completed Projects,37.18 Lac,Juhapura,Venus Infrastructure and Developers Limited,37.18,37.18,37.18
Takshashila Trezure Enclave,No,3 BHK  Apartment,33,Completed Projects,1.44 Cr.,Thaltej,Takshashila,144.0,144.0,144.0
Takshashila Residency,No,"1, 2 BHK  Apartment",310,Completed Projects,None,Nava Naroda,Takshashila,,,
Takshashila Raghav Bunglaws,No,4 BHK  Apartment,71,Completed Projects,71.97 Lac - 1.05 Cr.,Nava Naroda,Takshashila,71.97,105.0,88.485
Shree Ashray Serene,No,3 BHK  Apartment,56,Completed Projects,59.67 Lac,Chandkheda,Shree AmthiNath Developer LLP,59.67,59.67,59.67
Shree Ashray Heaven,Yes,"3, 4 BHK  Apartment",74,Completed Projects,81.32 Lac - 1.08 Cr.,Science City,Shree AmthiNath Developer LLP,81.32,108.0,94.66
7 Oak Greens,No,Residential Plot,,Ongoing Projects,None,Dholera,7 oak Developers,,,
Nila Atuulyam,No,"2, 3 BHK  Apartment",200,Completed Projects,49.59 - 66.69 Lac,Makarba,Nila Infrastructure Ltd,49.59,66.69,58.14
Nila Anaahata,No,2 BHK  Apartment,44,Completed Projects,44 - 45.63 Lac,Makarba,Nila Infrastructure Ltd,44.0,45.63,44.815
Nila Anvayaa,No,3 BHK  Apartment,44,Completed Projects,None,Makarba,Nila Infrastructure Ltd,,,
Nila Anuraadhaa,No,3 BHK  Apartment,16,Completed Projects,None,Navrangpura,Nila Infrastructure Ltd,,,
7 Oak Platinum,No,Residential Plot,,Ongoing Projects,None,Dholera,7 oak Developers,,,
Nila Asmaakam,No,"2, 3 BHK  Apartment",130,Completed Projects,None,Vejalpur,Nila Infrastructure Ltd,,,
Anand ILYF,No,"2, 3 BHK  Apartment",,Ongoing Projects,None,Tragad,Anand Innovative,,,
Sudev Flora,No,"1, 2 BHK  Apartment",,Ongoing Projects,17 Lac,Vatva,Aspee Group,17.0,17.0,17.0
Swatik Elements,No,2 BHK  Apartment,,Ongoing Projects,35 Lac,S P Ring Road,Shapers Buildcon,35.0,35.0,35.0
Samved Satej Enclave,No,3 BHK  Apartment,15,Completed Projects,None,Navrangpura,Samved Engineers,,,
Saumya Aryaman,No,"4, 5 BHK  Apartment",183,Completed Projects,None,Thaltej,Saumya Construction Pvt.Ltd,,,
Saumya Amrapalash,No,4 BHK  Apartment,43,Completed Projects,None,Satellite,Saumya Construction Pvt.Ltd,,,
Saumya Amrakadamb,No,"2, 3 BHK  Apartment",43,Completed Projects,None,Satellite,Saumya Construction Pvt.Ltd,,,
Risha One 49,Yes,"3, 4, 5 BHK  Apartment",104,Ongoing Projects,1.64 - 2.71 Cr.,Ambli,Risha Developers,164.0,271.0,217.5
Risha Abhishree Residency II,No,3 BHK  Apartment,21,Completed Projects,None,Bodakdev,Risha Developers,,,
Risha Aakash Bungalows,No,3 BHK  Apartment,110,Completed Projects,None,Dholka,Risha Developers,,,
Risha Belvedere,No,4 BHK  Apartment,5,Completed Projects,None,Jodhpur Road,Risha Developers,,,
Risha Aavkar Apartments,No,3 BHK  Apartment,16,Completed Projects,None,Ambawadi,Risha Developers,,,
Saumya Asopaalav,No,Individual Houses,76,Completed Projects,None,Thaltej,Saumya Construction Pvt.Ltd,,,
Saumya Amrashirish,No,4 BHK  Apartment,37,Completed Projects,None,Prahlad Nagar,Saumya Construction Pvt.Ltd,,,
Saumya Akaashneem,No,3 BHK  Apartment,43,Completed Projects,None,Vastrapur,Saumya Construction Pvt.Ltd,,,
Saumya Amaltas,No,2 BHK  Apartment,36,Completed Projects,None,Vastrapur,Saumya Construction Pvt.Ltd,,,
Dharmadev Neelkanth Villa,No,3 BHK  Apartment,185,Completed Projects,67.49 Lac,Bopal,Dharmadev Infrastructure Ltd.,67.49,67.49,67.49
Dharmadev Neelkanth Retreat,No,2 BHK  Apartment,40,Completed Projects,None,Vasna,Dharmadev Infrastructure Ltd.,,,
Dharmadev Swaminarayan Park 3,No,"2, 3 BHK  Apartment",360,Completed Projects,None,Vasna,Dharmadev Infrastructure Ltd.,,,
Dharmadev Swaminarayan Castle 1,No,2 BHK  Apartment,256,Completed Projects,None,Ranip,Dharmadev Infrastructure Ltd.,,,
Balleshwar Upvan,No,"2, 3 BHK  Apartment",125,Completed Projects,None,Bopal,Balleshwar Builders,,,
Balleshwar Saundarya Villa,No,3 BHK  Apartment,12,Completed Projects,None,Ambli,Balleshwar Builders,,,
Balleshwar Krupa,No,"2, 3 BHK  Apartment",50,Completed Projects,None,Bopal,Balleshwar Builders,,,
Balleshwar Vihar,No,"2, 3 BHK  Apartment",56,Completed Projects,None,Bopal,Balleshwar Builders,,,
Balleshwar Gold,No,3 BHK  Apartment,37,Completed Projects,None,Bopal,Balleshwar Builders,,,
Balleshwar Homes,No,3 BHK  Apartment,56,Completed Projects,None,Hathijan,Balleshwar Builders,,,
Balleshwar City,No,3 BHK  Apartment,96,Completed Projects,44.99 Lac,Hathijan,Balleshwar Builders,44.99,44.99,44.99
Myco Ahmed Residency,No,2 BHK  Apartment,234,Completed Projects,17 - 22.99 Lac,Sarkhej,Myco Infrabuild,17.0,22.99,19.994999999999997
Myco Akibah Heights,No,"2, 3 BHK  Apartment",167,Ongoing Projects,26.55 - 33.75 Lac,Sarkhej,Myco Infrabuild,26.55,33.75,30.15
Balleshwar Sumukh Villa,No,Individual Houses,12,Completed Projects,None,Bopal,Balleshwar Builders,,,
Dharmadev Swaminarayan Park 6,Yes,1 BHK  Apartment,144,Completed Projects,None,Narol,Dharmadev Infrastructure Ltd.,,,
Dharmadev Swaminarayan Park 8,No,"1, 2 BHK  Apartment",136,Completed Projects,None,Narol,Dharmadev Infrastructure Ltd.,,,
Dharmadev Neelkanth River View,No,3 BHK  Apartment,168,Completed Projects,None,Shahibaug,Dharmadev Infrastructure Ltd.,,,
Dharmadev Neelkanth Elegance,No,2 BHK  Apartment,176,Completed Projects,None,Satellite,Dharmadev Infrastructure Ltd.,,,
Dharmadev Swaminarayan Park 1,No,2 BHK  Apartment,530,Completed Projects,None,Narol,Dharmadev Infrastructure Ltd.,,,
Dharmadev Swaminarayan Castle II,No,1 BHK  Apartment,190,Completed Projects,None,Ranip,Dharmadev Infrastructure Ltd.,,,
Dharmadev Swaminarayan Park 7,Yes,"1, 2 BHK  Apartment",139,Completed Projects,None,Narol,Dharmadev Infrastructure Ltd.,,,
Dharmadev Swaminarayan Avenue,No,"2, 3 BHK  Apartment",200,Completed Projects,None,Naranpura,Dharmadev Infrastructure Ltd.,,,
Dharmadev Swaminarayan Park 2,Yes,2 BHK  Apartment,400,Completed Projects,35 - 37.80 Lac,Vasna,Dharmadev Infrastructure Ltd.,35.0,37.8,36.4
Maruti Celosia Greenscapes 2,No,Residential Plot,186,Completed Projects,None,Changodar,Maruti Group,,,
Magnanimous Pearl 2,No,Residential Plot,196,Completed Projects,5.40 Lac,Dholera,Magnanimous Infrastructure Pvt. Ltd,5.4,5.4,5.4
Magnanimous Pearl,No,Residential Plot,165,Completed Projects,4 - 17.98 Lac,Dholera,Magnanimous Infrastructure Pvt. Ltd,4.0,17.98,10.99
Magnanimous Pearl 3,No,Residential Plot,124,Completed Projects,6.30 - 32.29 Lac,Dholera,Magnanimous Infrastructure Pvt. Ltd,6.3,32.29,19.294999999999998
Magnanimous Greenz 2,No,Residential Plot,11,Completed Projects,57.02 Lac,Pipli,Magnanimous Infrastructure Pvt. Ltd,57.02,57.02,57.02
